,Iteration,Selected Features,Accuracy,Precision,Recall,F1 Score,AUC-ROC
0,1,"['account length', 'international plan', 'total day calls', 'total intl charge', 'total night calls', 'total intl calls', 'total eve calls', 'total intl minutes', 'voice mail plan', 'total eve charge']",0.8920539730134932,0.9629629629629629,0.26804123711340205,0.41935483870967744,0.6331434255742449
1,2,"['total intl calls', 'total intl charge', 'total day charge', 'voice mail plan', 'total eve calls', 'total eve charge', 'number vmail messages', 'total night minutes', 'total night charge', 'account length']",0.889055472263868,0.8709677419354839,0.27835051546391754,0.421875,0.6356664858021341
2,3,"['customer service calls', 'international plan', 'total day calls', 'account length', 'total night minutes', 'total eve minutes', 'total day minutes', 'total night charge', 'total eve calls', 'number vmail messages']",0.9100449775112444,0.8936170212765957,0.4329896907216495,0.5833333333333334,0.712108880448544
3,4,"['total night minutes', 'total eve minutes', 'account length', 'voice mail plan', 'total day calls', 'total day charge', 'customer service calls', 'total night charge', 'total day minutes', 'total intl calls']",0.9175412293853074,0.8620689655172413,0.5154639175257731,0.6451612903225806,0.7507144149032374
4,5,"['total intl charge', 'customer service calls', 'total day minutes', 'total eve charge', 'total eve calls', 'total day charge', 'total night minutes', 'total day calls', 'total night calls', 'total night charge']",0.896551724137931,0.7333333333333333,0.4536082474226804,0.5605095541401274,0.712769035992042
5,6,"['voice mail plan', 'account length', 'total day calls', 'total night charge', 'total night minutes', 'total intl charge', 'total intl calls', 'total day minutes', 'customer service calls', 'total eve calls']",0.8800599700149925,0.6666666666666666,0.35051546391752575,0.4594594594594595,0.6603454512570086
6,7,"['international plan', 'total night minutes', 'total day minutes', 'total eve charge', 'total day calls', 'voice mail plan', 'number vmail messages', 'total intl minutes', 'total eve minutes', 'total night calls']",0.9160419790104948,0.9019607843137255,0.4742268041237113,0.6216216216216216,0.732727437149575
7,8,"['total day calls', 'total intl calls', 'voice mail plan', 'total night calls', 'customer service calls', 'international plan', 'number vmail messages', 'total eve minutes', 'total intl charge', 'total night charge']",0.8995502248875562,0.7884615384615384,0.422680412371134,0.5503355704697986,0.7016910833785496
8,9,"['total intl minutes', 'international plan', 'number vmail messages', 'total eve charge', 'total eve calls', 'total night charge', 'total day charge', 'customer service calls', 'total intl calls', 'account length']",0.9355322338830585,0.9090909090909091,0.6185567010309279,0.7361963190184049,0.8040151926207271
9,10,"['international plan', 'customer service calls', 'total day calls', 'total intl calls', 'total night calls', 'total eve minutes', 'total day minutes', 'number vmail messages', 'account length', 'total intl charge']",0.9370314842578711,0.8985507246376812,0.6391752577319587,0.7469879518072289,0.8134472779887864
10,11,"['total eve minutes', 'total eve charge', 'account length', 'total eve calls', 'total day minutes', 'total night calls', 'international plan', 'total intl minutes', 'total day calls', 'voice mail plan']",0.904047976011994,0.8837209302325582,0.3917525773195876,0.5428571428571428,0.6914903237475131
11,12,"['international plan', 'voice mail plan', 'total eve minutes', 'total day minutes', 'total eve calls', 'customer service calls', 'account length', 'total night charge', 'total day charge', 'total eve charge']",0.9175412293853074,0.85,0.5257731958762887,0.6496815286624203,0.754991861096039
12,13,"['customer service calls', 'total night calls', 'total intl minutes', 'total eve charge', 'number vmail messages', 'international plan', 'total intl calls', 'account length', 'total day minutes', 'total intl charge']",0.9370314842578711,0.9104477611940298,0.6288659793814433,0.7439024390243902,0.8091698317959847
13,14,"['customer service calls', 'total eve minutes', 'total day calls', 'total night minutes', 'total night calls', 'total day minutes', 'total night charge', 'voice mail plan', 'international plan', 'total day charge']",0.9145427286356822,0.8571428571428571,0.4948453608247423,0.6274509803921569,0.740405136552722
14,15,"['total eve calls', 'total eve minutes', 'total intl minutes', 'number vmail messages', 'total night minutes', 'total intl calls', 'total night charge', 'voice mail plan', 'total eve charge', 'account length']",0.8470764617691154,0.14285714285714285,0.010309278350515464,0.019230769230769232,0.49989148128052086
15,16,"['voice mail plan', 'total eve charge', 'total eve calls', 'total night charge', 'international plan', 'total intl minutes', 'total day minutes', 'total night calls', 'customer service calls', 'account length']",0.9250374812593704,0.8852459016393442,0.5567010309278351,0.6835443037974683,0.7722101645867245
16,17,"['total night charge', 'total intl calls', 'total day minutes', 'international plan', 'total day charge', 'total eve minutes', 'total eve charge', 'total intl minutes', 'number vmail messages', 'voice mail plan']",0.9250374812593704,0.9122807017543859,0.5360824742268041,0.6753246753246753,0.7636552722011213
17,18,"['total night calls', 'total day minutes', 'total eve charge', 'total night minutes', 'total day calls', 'total intl calls', 'total intl charge', 'voice mail plan', 'total intl minutes', 'total night charge']",0.8875562218890555,0.8928571428571429,0.25773195876288657,0.4,0.6262344004340749
18,19,"['total intl minutes', 'total intl calls', 'total intl charge', 'total eve minutes', 'total day minutes', 'total night minutes', 'total day calls', 'total night charge', 'international plan', 'account length']",0.8980509745127436,0.7457627118644068,0.4536082474226804,0.5641025641025641,0.7136462289744981
19,20,"['total day minutes', 'total eve charge', 'international plan', 'total day charge', 'total intl charge', 'total night charge', 'total night calls', 'account length', 'total night minutes', 'total day calls']",0.8800599700149925,0.660377358490566,0.36082474226804123,0.4666666666666667,0.6646228974498102
20,21,"['total day charge', 'total night calls', 'total eve minutes', 'number vmail messages', 'account length', 'total day minutes', 'total night charge', 'total day calls', 'total eve charge', 'total night minutes']",0.8920539730134932,0.8205128205128205,0.32989690721649484,0.47058823529411764,0.6588081027310544
21,22,"['total day calls', 'total night minutes', 'international plan', 'total intl calls', 'total eve charge', 'total intl charge', 'total eve calls', 'total night calls', 'customer service calls', 'voice mail plan']",0.8995502248875562,0.8,0.41237113402061853,0.54421768707483,0.6974136371857478
22,23,"['total eve calls', 'total eve charge', 'total day charge', 'total night calls', 'number vmail messages', 'account length', 'total night minutes', 'total day minutes', 'international plan', 'total eve minutes']",0.8950524737631185,0.8292682926829268,0.35051546391752575,0.4927536231884058,0.6691173810815699
23,24,"['total eve calls', 'total eve minutes', 'international plan', 'total day charge', 'total eve charge', 'total night minutes', 'total night calls', 'total intl calls', 'total intl minutes', 'total day calls']",0.8920539730134932,0.7192982456140351,0.422680412371134,0.5324675324675324,0.6973051184662689
24,25,"['total day calls', 'total intl minutes', 'total intl charge', 'total eve calls', 'total night minutes', 'total eve charge', 'international plan', 'total eve minutes', 'customer service calls', 'total intl calls']",0.8935532233883059,0.7708333333333334,0.38144329896907214,0.5103448275862069,0.6810725266775186
25,26,"['total day minutes', 'number vmail messages', 'total intl calls', 'customer service calls', 'total night calls', 'total night minutes', 'account length', 'total eve calls', 'total eve charge', 'total night charge']",0.9025487256371814,0.82,0.422680412371134,0.5578231292517006,0.7034454693434617
26,27,"['total night calls', 'total day calls', 'total intl charge', 'total intl minutes', 'account length', 'total night minutes', 'number vmail messages', 'total day minutes', 'total eve minutes', 'total eve calls']",0.8875562218890555,0.84375,0.27835051546391754,0.4186046511627907,0.634789292819678
27,28,"['total day minutes', 'number vmail messages', 'total eve calls', 'customer service calls', 'total night charge', 'total day calls', 'total night minutes', 'total intl charge', 'total eve charge', 'international plan']",0.9190404797601199,0.864406779661017,0.5257731958762887,0.6538461538461539,0.7558690540784951
28,29,"['total eve calls', 'international plan', 'voice mail plan', 'total intl calls', 'total night charge', 'total day charge', 'total intl charge', 'total night calls', 'total eve minutes', 'account length']",0.9160419790104948,0.9555555555555556,0.44329896907216493,0.6056338028169014,0.7198950985711702
29,30,"['total night calls', 'total night minutes', 'total day minutes', 'account length', 'total intl charge', 'customer service calls', 'total eve calls', 'total eve charge', 'international plan', 'total intl calls']",0.9115442278860569,0.7435897435897436,0.5979381443298969,0.6628571428571428,0.7814252125158258
30,31,"['total eve minutes', 'voice mail plan', 'total night minutes', 'number vmail messages', 'total night calls', 'total day calls', 'international plan', 'total night charge', 'total intl charge', 'account length']",0.8725637181409296,0.8333333333333334,0.15463917525773196,0.2608695652173913,0.5746880086814975
31,32,"['number vmail messages', 'total eve calls', 'total night minutes', 'international plan', 'total eve minutes', 'customer service calls', 'total night calls', 'total intl calls', 'total eve charge', 'voice mail plan']",0.881559220389805,0.7368421052631579,0.28865979381443296,0.4148148148148148,0.635557967082655
32,33,"['total day calls', 'total eve minutes', 'international plan', 'voice mail plan', 'total eve calls', 'account length', 'total night charge', 'total day charge', 'total night calls', 'total night minutes']",0.8800599700149925,0.8148148148148148,0.2268041237113402,0.3548387096774194,0.6090160969433894
33,34,"['total eve calls', 'total intl calls', 'total night minutes', 'total day calls', 'total intl minutes', 'total day charge', 'customer service calls', 'total eve minutes', 'account length', 'total night calls']",0.889055472263868,0.7017543859649122,0.41237113402061853,0.5194805194805194,0.6912732863085548
34,35,"['total intl calls', 'total intl minutes', 'total day charge', 'total night charge', 'total day calls', 'total eve charge', 'total day minutes', 'total eve calls', 'account length', 'voice mail plan']",0.8875562218890555,0.84375,0.27835051546391754,0.4186046511627907,0.634789292819678
35,36,"['total intl charge', 'total day minutes', 'total day calls', 'number vmail messages', 'total eve calls', 'customer service calls', 'total day charge', 'total intl calls', 'total intl minutes', 'voice mail plan']",0.8830584707646177,0.6792452830188679,0.3711340206185567,0.48,0.6706547296075239
36,37,"['total eve minutes', 'total day calls', 'account length', 'total intl charge', 'total night minutes', 'total night charge', 'total night calls', 'total intl calls', 'total day minutes', 'number vmail messages']",0.8800599700149925,0.7931034482758621,0.23711340206185566,0.36507936507936506,0.613293543136191
37,38,"['total night charge', 'total intl charge', 'total day charge', 'total intl minutes', 'total intl calls', 'total day calls', 'total night minutes', 'international plan', 'customer service calls', 'total night calls']",0.8950524737631185,0.6626506024096386,0.5670103092783505,0.6111111111111112,0.7589437511304032
38,39,"['international plan', 'total intl charge', 'total eve charge', 'total night minutes', 'total eve minutes', 'total intl minutes', 'total day minutes', 'total day calls', 'customer service calls', 'number vmail messages']",0.9340329835082459,0.8955223880597015,0.6185567010309279,0.7317073170731707,0.8031379996382709
39,40,"['total intl charge', 'international plan', 'total day calls', 'total eve minutes', 'total intl calls', 'account length', 'total night charge', 'total intl minutes', 'total night minutes', 'total day minutes']",0.8920539730134932,0.711864406779661,0.4329896907216495,0.5384615384615384,0.7015825646590703
40,41,"['number vmail messages', 'account length', 'international plan', 'total day calls', 'total eve minutes', 'customer service calls', 'total night minutes', 'voice mail plan', 'total intl minutes', 'total intl calls']",0.904047976011994,0.8235294117647058,0.4329896907216495,0.5675675675675675,0.7086001085187195
41,42,"['total day minutes', 'total intl minutes', 'number vmail messages', 'total night minutes', 'voice mail plan', 'total intl charge', 'total night charge', 'international plan', 'total eve minutes', 'total day charge']",0.9100449775112444,0.9111111111111111,0.422680412371134,0.5774647887323944,0.7078314342557425
42,43,"['total night minutes', 'total intl calls', 'international plan', 'total eve charge', 'customer service calls', 'total eve calls', 'total intl minutes', 'total day charge', 'total night calls', 'number vmail messages']",0.9340329835082459,0.8840579710144928,0.6288659793814433,0.7349397590361446,0.8074154458310725
43,44,"['account length', 'total eve calls', 'customer service calls', 'total intl charge', 'number vmail messages', 'international plan', 'total eve minutes', 'total day minutes', 'total intl minutes', 'total intl calls']",0.9355322338830585,0.875,0.6494845360824743,0.7455621301775148,0.8168475311991318
44,45,"['total intl charge', 'total night minutes', 'number vmail messages', 'international plan', 'total day minutes', 'total day calls', 'customer service calls', 'total eve charge', 'total night calls', 'total intl minutes']",0.9235382308845578,0.8833333333333333,0.5463917525773195,0.6751592356687898,0.7670555254114667
45,46,"['total night calls', 'total eve charge', 'total day charge', 'international plan', 'account length', 'total eve calls', 'total eve minutes', 'voice mail plan', 'number vmail messages', 'total night minutes']",0.8935532233883059,0.8611111111111112,0.31958762886597936,0.46616541353383456,0.6554078495207089
46,47,"['total eve minutes', 'total eve calls', 'total night charge', 'total night minutes', 'international plan', 'number vmail messages', 'total eve charge', 'total intl charge', 'total day charge', 'voice mail plan']",0.9160419790104948,0.9361702127659575,0.4536082474226804,0.6111111111111112,0.7241725447639717
47,48,"['total night minutes', 'total day calls', 'total day charge', 'total eve calls', 'total intl calls', 'voice mail plan', 'total intl minutes', 'account length', 'total day minutes', 'international plan']",0.8980509745127436,0.7843137254901961,0.41237113402061853,0.5405405405405406,0.6965364442032917
48,49,"['total eve minutes', 'total eve charge', 'total eve calls', 'number vmail messages', 'total intl charge', 'total night minutes', 'account length', 'total day charge', 'total day minutes', 'total intl minutes']",0.8950524737631185,0.8648648648648649,0.32989690721649484,0.47761194029850745,0.6605624886959667
49,50,"['number vmail messages', 'total intl calls', 'total intl minutes', 'total night calls', 'total eve calls', 'total eve charge', 'total intl charge', 'voice mail plan', 'total night minutes', 'international plan']",0.8935532233883059,1.0,0.26804123711340205,0.42276422764227645,0.634020618556701
50,51,"['total intl charge', 'total intl minutes', 'total eve minutes', 'total night calls', 'total eve charge', 'total night minutes', 'number vmail messages', 'total day calls', 'total day charge', 'total day minutes']",0.896551724137931,0.85,0.35051546391752575,0.49635036496350365,0.6699945740640261
51,52,"['number vmail messages', 'total eve calls', 'total intl calls', 'international plan', 'total eve minutes', 'total day calls', 'total night calls', 'account length', 'customer service calls', 'total night minutes']",0.8800599700149925,0.7297297297297297,0.27835051546391754,0.40298507462686567,0.6304033279073973
52,53,"['voice mail plan', 'total night calls', 'total intl calls', 'total day minutes', 'total day calls', 'total eve calls', 'total eve charge', 'total day charge', 'total night minutes', 'international plan']",0.9055472263868066,0.9047619047619048,0.3917525773195876,0.5467625899280576,0.6923675167299692
53,54,"['total intl calls', 'total eve charge', 'number vmail messages', 'voice mail plan', 'international plan', 'total eve minutes', 'total night charge', 'total intl minutes', 'total day charge', 'total intl charge']",0.9250374812593704,0.9272727272727272,0.5257731958762887,0.6710526315789473,0.7593778260083197
54,55,"['total eve calls', 'total night charge', 'total day minutes', 'total eve minutes', 'account length', 'number vmail messages', 'total eve charge', 'total day charge', 'voice mail plan', 'total night minutes']",0.8935532233883059,0.825,0.3402061855670103,0.48175182481751827,0.6639627419063121
55,56,"['total intl charge', 'total day calls', 'total night charge', 'total eve calls', 'customer service calls', 'total eve minutes', 'total night minutes', 'international plan', 'number vmail messages', 'total day minutes']",0.9235382308845578,0.8833333333333333,0.5463917525773195,0.6751592356687898,0.7670555254114667
56,57,"['total intl calls', 'customer service calls', 'account length', 'total intl charge', 'number vmail messages', 'total eve charge', 'total eve minutes', 'total day charge', 'total eve calls', 'voice mail plan']",0.9070464767616192,0.7868852459016393,0.4948453608247423,0.6075949367088608,0.7360191716404414
57,58,"['total night calls', 'total day calls', 'total eve minutes', 'account length', 'total day charge', 'number vmail messages', 'total intl minutes', 'total eve calls', 'total day minutes', 'total intl charge']",0.8905547226386806,0.8529411764705882,0.29896907216494845,0.44274809160305345,0.6450985711701935
58,59,"['total eve minutes', 'number vmail messages', 'customer service calls', 'total intl calls', 'voice mail plan', 'total day charge', 'total night charge', 'total night minutes', 'total intl minutes', 'total intl charge']",0.9130434782608695,0.8545454545454545,0.4845360824742268,0.618421052631579,0.7352504973774643
59,60,"['total intl minutes', 'total night calls', 'total night charge', 'total night minutes', 'total eve calls', 'total day minutes', 'international plan', 'total eve charge', 'total day charge', 'total day calls']",0.8800599700149925,0.660377358490566,0.36082474226804123,0.4666666666666667,0.6646228974498102
60,61,"['total intl minutes', 'total eve calls', 'total night charge', 'number vmail messages', 'total day minutes', 'account length', 'total eve minutes', 'total intl charge', 'total day calls', 'total eve charge']",0.8935532233883059,0.8823529411764706,0.30927835051546393,0.4580152671755725,0.6511304033279074
61,62,"['total intl calls', 'total eve minutes', 'total intl charge', 'total day minutes', 'total night minutes', 'voice mail plan', 'international plan', 'total intl minutes', 'total night charge', 'number vmail messages']",0.9190404797601199,0.9215686274509803,0.4845360824742268,0.6351351351351351,0.7387592693072889
62,63,"['total eve charge', 'total night minutes', 'total night calls', 'total day charge', 'total intl minutes', 'customer service calls', 'total intl charge', 'total day minutes', 'total eve calls', 'voice mail plan']",0.9130434782608695,0.8305084745762712,0.5051546391752577,0.6282051282051282,0.7438053897630674
63,64,"['customer service calls', 'total eve charge', 'total eve minutes', 'international plan', 'voice mail plan', 'number vmail messages', 'total day charge', 'total intl minutes', 'total night minutes', 'total night calls']",0.9340329835082459,0.8955223880597015,0.6185567010309279,0.7317073170731707,0.8031379996382709
64,65,"['account length', 'total eve charge', 'total night calls', 'customer service calls', 'total intl minutes', 'total intl charge', 'total night minutes', 'international plan', 'total day calls', 'total night charge']",0.8800599700149925,0.717948717948718,0.28865979381443296,0.4117647058823529,0.634680774100199
65,66,"['account length', 'total day charge', 'total night calls', 'total intl charge', 'total night minutes', 'total eve charge', 'number vmail messages', 'total day minutes', 'total night charge', 'total intl calls']",0.9010494752623688,0.918918918918919,0.35051546391752575,0.5074626865671642,0.6726261530113945
66,67,"['total eve minutes', 'total night minutes', 'total eve calls', 'international plan', 'total night charge', 'total day charge', 'voice mail plan', 'total intl minutes', 'total intl charge', 'total day minutes']",0.9085457271364318,0.9285714285714286,0.4020618556701031,0.5611510791366906,0.6983993488876831
67,68,"['total intl minutes', 'voice mail plan', 'total eve calls', 'total day calls', 'total night minutes', 'total intl charge', 'total intl calls', 'account length', 'number vmail messages', 'total night charge']",0.8545727136431784,0.0,0.0,0.0,0.5
68,69,"['total eve calls', 'customer service calls', 'total intl minutes', 'number vmail messages', 'total eve charge', 'total night calls', 'total night charge', 'total intl charge', 'total night minutes', 'international plan']",0.881559220389805,0.7368421052631579,0.28865979381443296,0.4148148148148148,0.635557967082655
69,70,"['international plan', 'total eve charge', 'total day charge', 'customer service calls', 'voice mail plan', 'total intl minutes', 'number vmail messages', 'total intl calls', 'total day minutes', 'total eve calls']",0.9355322338830585,0.8552631578947368,0.6701030927835051,0.7514450867052023,0.825402423584735
70,71,"['total day minutes', 'total intl calls', 'total night calls', 'account length', 'voice mail plan', 'total day calls', 'total day charge', 'total night minutes', 'total eve minutes', 'international plan']",0.8980509745127436,0.8536585365853658,0.36082474226804123,0.5072463768115942,0.6751492132392838
71,72,"['total night charge', 'total night minutes', 'number vmail messages', 'total eve charge', 'total day calls', 'total night calls', 'voice mail plan', 'customer service calls', 'total eve minutes', 'total day minutes']",0.9160419790104948,0.8727272727272727,0.4948453608247423,0.631578947368421,0.7412823295351781
72,73,"['international plan', 'total night minutes', 'customer service calls', 'voice mail plan', 'total eve calls', 'total day minutes', 'total eve minutes', 'total intl minutes', 'total day calls', 'total night calls']",0.9250374812593704,0.873015873015873,0.5670103092783505,0.6875,0.7764876107795261
73,74,"['total intl calls', 'total night calls', 'voice mail plan', 'total eve minutes', 'total day charge', 'customer service calls', 'total night charge', 'total eve calls', 'total intl charge', 'account length']",0.9070464767616192,0.8571428571428571,0.4329896907216495,0.5753424657534246,0.7103544944836317
74,75,"['total day charge', 'total day calls', 'account length', 'total intl charge', 'total eve calls', 'total intl calls', 'customer service calls', 'total intl minutes', 'total eve charge', 'voice mail plan']",0.8995502248875562,0.7884615384615384,0.422680412371134,0.5503355704697986,0.7016910833785496
75,76,"['total day minutes', 'total intl calls', 'number vmail messages', 'voice mail plan', 'total eve calls', 'account length', 'international plan', 'total night calls', 'customer service calls', 'total day charge']",0.8950524737631185,0.7142857142857143,0.4639175257731959,0.5625,0.7161692892023875
76,77,"['total night minutes', 'customer service calls', 'voice mail plan', 'total day calls', 'total eve calls', 'international plan', 'total day charge', 'total intl calls', 'account length', 'total eve charge']",0.9190404797601199,0.8524590163934426,0.5360824742268041,0.6582278481012658,0.7601465002712967
77,78,"['total night calls', 'total intl charge', 'voice mail plan', 'total intl calls', 'total night charge', 'number vmail messages', 'customer service calls', 'international plan', 'total eve charge', 'total day minutes']",0.9340329835082459,0.8840579710144928,0.6288659793814433,0.7349397590361446,0.8074154458310725
78,79,"['total night minutes', 'total day charge', 'total day calls', 'customer service calls', 'voice mail plan', 'account length', 'international plan', 'total night charge', 'total night calls', 'number vmail messages']",0.8695652173913043,0.5925925925925926,0.32989690721649484,0.423841059602649,0.6456502079942124
79,80,"['total night calls', 'total eve calls', 'total intl minutes', 'total eve minutes', 'total day minutes', 'number vmail messages', 'total eve charge', 'total intl charge', 'voice mail plan', 'account length']",0.8920539730134932,0.8378378378378378,0.31958762886597936,0.4626865671641791,0.6545306565382528
80,81,"['total intl charge', 'voice mail plan', 'total intl minutes', 'total night charge', 'total eve minutes', 'total intl calls', 'total eve calls', 'number vmail messages', 'customer service calls', 'total day charge']",0.9130434782608695,0.8545454545454545,0.4845360824742268,0.618421052631579,0.7352504973774643
81,82,"['total eve calls', 'international plan', 'number vmail messages', 'total night calls', 'total intl minutes', 'total day minutes', 'total eve charge', 'total day calls', 'total night minutes', 'customer service calls']",0.9295352323838081,0.9166666666666666,0.5670103092783505,0.7006369426751592,0.7791191897268945
82,83,"['customer service calls', 'total eve calls', 'total day charge', 'total day minutes', 'total night calls', 'total eve charge', 'total night charge', 'number vmail messages', 'total day calls', 'total night minutes']",0.9145427286356822,0.8448275862068966,0.5051546391752577,0.632258064516129,0.7446825827455236
83,84,"['total eve calls', 'total eve minutes', 'total night charge', 'total day calls', 'total night minutes', 'total day minutes', 'total night calls', 'number vmail messages', 'total intl minutes', 'customer service calls']",0.904047976011994,0.8235294117647058,0.4329896907216495,0.5675675675675675,0.7086001085187195
84,85,"['total intl minutes', 'total intl calls', 'total night minutes', 'number vmail messages', 'total eve charge', 'total day charge', 'total intl charge', 'total night calls', 'international plan', 'customer service calls']",0.9370314842578711,0.8985507246376812,0.6391752577319587,0.7469879518072289,0.8134472779887864
85,86,"['total day calls', 'customer service calls', 'total night calls', 'number vmail messages', 'total eve calls', 'total eve minutes', 'voice mail plan', 'total day minutes', 'total night minutes', 'account length']",0.9100449775112444,0.8490566037735849,0.4639175257731959,0.6,0.7249412190269489
86,87,"['total eve calls', 'total night calls', 'total intl minutes', 'total intl charge', 'total day calls', 'total night charge', 'total eve minutes', 'total day charge', 'voice mail plan', 'customer service calls']",0.9085457271364318,0.8461538461538461,0.4536082474226804,0.5906040268456376,0.719786579851691
87,88,"['customer service calls', 'total intl minutes', 'total intl calls', 'total day charge', 'total night charge', 'total night minutes', 'total intl charge', 'account length', 'total eve minutes', 'total day calls']",0.8860569715142429,0.6779661016949152,0.41237113402061853,0.5128205128205128,0.6895189003436425
88,89,"['total night calls', 'total day minutes', 'number vmail messages', 'total night minutes', 'total intl calls', 'total eve charge', 'total day calls', 'total intl minutes', 'total day charge', 'total night charge']",0.8875562218890555,0.8666666666666667,0.26804123711340205,0.4094488188976378,0.6305118466268764
89,90,"['voice mail plan', 'total intl calls', 'total eve calls', 'total eve charge', 'total eve minutes', 'customer service calls', 'total night calls', 'account length', 'number vmail messages', 'total intl minutes']",0.8605697151424287,0.5769230769230769,0.15463917525773196,0.24390243902439024,0.5676704648218484
90,91,"['total intl charge', 'total eve minutes', 'total intl minutes', 'account length', 'customer service calls', 'number vmail messages', 'international plan', 'voice mail plan', 'total night charge', 'total eve calls']",0.8800599700149925,0.6976744186046512,0.30927835051546393,0.42857142857142855,0.6432356664858022
91,92,"['total day charge', 'total night minutes', 'total eve calls', 'number vmail messages', 'total intl charge', 'total eve minutes', 'total intl calls', 'voice mail plan', 'total day calls', 'international plan']",0.9190404797601199,0.9215686274509803,0.4845360824742268,0.6351351351351351,0.7387592693072889
92,93,"['total eve calls', 'total night calls', 'total night charge', 'total intl minutes', 'total day minutes', 'total eve charge', 'international plan', 'total day calls', 'voice mail plan', 'total intl charge']",0.9010494752623688,0.8974358974358975,0.36082474226804123,0.5147058823529411,0.6769035992041961
93,94,"['total night charge', 'total day calls', 'total night calls', 'total eve minutes', 'total day minutes', 'total day charge', 'total eve calls', 'total eve charge', 'international plan', 'account length']",0.8755622188905547,0.64,0.32989690721649484,0.43537414965986393,0.6491589799240369
94,95,"['total intl charge', 'total day calls', 'total intl minutes', 'number vmail messages', 'total day minutes', 'international plan', 'total night calls', 'voice mail plan', 'total day charge', 'total intl calls']",0.8980509745127436,0.7843137254901961,0.41237113402061853,0.5405405405405406,0.6965364442032917
95,96,"['customer service calls', 'total night charge', 'total intl minutes', 'total eve minutes', 'number vmail messages', 'total day charge', 'total eve calls', 'total intl charge', 'total eve charge', 'account length']",0.9100449775112444,0.8490566037735849,0.4639175257731959,0.6,0.7249412190269489
96,97,"['total night charge', 'total intl calls', 'total night calls', 'account length', 'total eve charge', 'voice mail plan', 'total intl charge', 'number vmail messages', 'total night minutes', 'international plan']",0.8920539730134932,0.9629629629629629,0.26804123711340205,0.41935483870967744,0.6331434255742449
97,98,"['total eve minutes', 'number vmail messages', 'total night charge', 'voice mail plan', 'total night minutes', 'total eve calls', 'total night calls', 'international plan', 'total day calls', 'total day minutes']",0.8785607196401799,0.75,0.24742268041237114,0.37209302325581395,0.6166937963465364
98,99,"['total day minutes', 'total intl minutes', 'total eve charge', 'total day calls', 'account length', 'customer service calls', 'total eve calls', 'total night calls', 'voice mail plan', 'total night charge']",0.9070464767616192,0.8431372549019608,0.44329896907216493,0.581081081081081,0.7146319406764333
99,100,"['total intl calls', 'total night minutes', 'total intl minutes', 'total day calls', 'total eve charge', 'account length', 'number vmail messages', 'total eve calls', 'total day charge', 'total eve minutes']",0.8935532233883059,0.8823529411764706,0.30927835051546393,0.4580152671755725,0.6511304033279074
100,101,"['total intl minutes', 'number vmail messages', 'total intl calls', 'total day minutes', 'total eve calls', 'total day calls', 'total eve minutes', 'total night minutes', 'voice mail plan', 'total day charge']",0.8935532233883059,0.8421052631578947,0.32989690721649484,0.4740740740740741,0.6596852957135105
101,102,"['total eve charge', 'customer service calls', 'total day calls', 'total intl charge', 'international plan', 'total night calls', 'total intl calls', 'total night charge', 'total eve minutes', 'total eve calls']",0.9010494752623688,0.8297872340425532,0.4020618556701031,0.5416666666666666,0.6940133839754024
102,103,"['total night minutes', 'total night calls', 'customer service calls', 'total eve calls', 'total night charge', 'total intl calls', 'total day calls', 'total eve charge', 'total intl charge', 'international plan']",0.8980509745127436,0.7959183673469388,0.4020618556701031,0.5342465753424658,0.6922589980104901
103,104,"['customer service calls', 'total day charge', 'total day calls', 'international plan', 'total night minutes', 'voice mail plan', 'total night calls', 'total night charge', 'total day minutes', 'total eve charge']",0.9100449775112444,0.8135593220338984,0.4948453608247423,0.6153846153846154,0.7377735576053536
104,105,"['total day calls', 'account length', 'total night calls', 'total eve charge', 'total day minutes', 'total intl charge', 'voice mail plan', 'total intl calls', 'number vmail messages', 'total day charge']",0.889055472263868,0.8108108108108109,0.30927835051546393,0.44776119402985076,0.648498824380539
105,106,"['total day charge', 'number vmail messages', 'total eve minutes', 'total intl charge', 'total day minutes', 'total day calls', 'voice mail plan', 'customer service calls', 'account length', 'total night calls']",0.9145427286356822,0.8125,0.5360824742268041,0.6459627329192547,0.7575149213239284
106,107,"['total day minutes', 'total day charge', 'total intl charge', 'total intl minutes', 'total night calls', 'total day calls', 'total eve minutes', 'international plan', 'total intl calls', 'total night charge']",0.8950524737631185,0.7142857142857143,0.4639175257731959,0.5625,0.7161692892023875
107,108,"['total intl minutes', 'total eve charge', 'total intl charge', 'total night minutes', 'total day charge', 'account length', 'customer service calls', 'international plan', 'total day minutes', 'number vmail messages']",0.9280359820089955,0.9016393442622951,0.5670103092783505,0.6962025316455697,0.7782419967444384
108,109,"['account length', 'total night charge', 'total day calls', 'total day charge', 'number vmail messages', 'total intl calls', 'total night minutes', 'customer service calls', 'total day minutes', 'total intl minutes']",0.8770614692653673,0.6470588235294118,0.3402061855670103,0.44594594594594594,0.6543136190992948
109,110,"['number vmail messages', 'total intl calls', 'total eve calls', 'voice mail plan', 'total day charge', 'total night charge', 'total night minutes', 'total eve minutes', 'total intl minutes', 'account length']",0.8935532233883059,0.8823529411764706,0.30927835051546393,0.4580152671755725,0.6511304033279074
110,111,"['total intl charge', 'total day charge', 'total intl minutes', 'total day minutes', 'total eve calls', 'total night calls', 'number vmail messages', 'total eve charge', 'voice mail plan', 'total intl calls']",0.889055472263868,0.7804878048780488,0.32989690721649484,0.463768115942029,0.6570537167661421
111,112,"['total intl charge', 'total night calls', 'total intl calls', 'account length', 'international plan', 'total eve minutes', 'voice mail plan', 'total intl minutes', 'total day charge', 'total day calls']",0.9100449775112444,0.8627450980392157,0.4536082474226804,0.5945945945945946,0.7206637728341472
112,113,"['total eve minutes', 'total eve calls', 'total intl calls', 'account length', 'voice mail plan', 'total day calls', 'total intl minutes', 'total intl charge', 'total night charge', 'total night calls']",0.8530734632683659,0.0,0.0,0.0,0.49912280701754386
113,114,"['total eve calls', 'total night minutes', 'total eve charge', 'total day minutes', 'number vmail messages', 'total night charge', 'account length', 'total intl charge', 'total day charge', 'total intl minutes']",0.8935532233883059,0.8823529411764706,0.30927835051546393,0.4580152671755725,0.6511304033279074
114,115,"['voice mail plan', 'total eve minutes', 'total day charge', 'customer service calls', 'total night minutes', 'total eve calls', 'total intl calls', 'total eve charge', 'account length', 'total night calls']",0.9190404797601199,0.8909090909090909,0.5051546391752577,0.6447368421052632,0.747314161692892
115,116,"['total day calls', 'total day charge', 'international plan', 'account length', 'total eve charge', 'total eve minutes', 'total eve calls', 'total day minutes', 'customer service calls', 'voice mail plan']",0.9130434782608695,0.8305084745762712,0.5051546391752577,0.6282051282051282,0.7438053897630674
116,117,"['total eve calls', 'total eve minutes', 'total night calls', 'total day calls', 'customer service calls', 'account length', 'number vmail messages', 'total day minutes', 'total intl minutes', 'international plan']",0.9265367316341829,0.9,0.5567010309278351,0.6878980891719745,0.7730873575691807
117,118,"['total eve charge', 'total eve calls', 'total day minutes', 'total intl minutes', 'account length', 'total intl charge', 'total eve minutes', 'voice mail plan', 'total day calls', 'total night calls']",0.8905547226386806,0.8333333333333334,0.30927835051546393,0.45112781954887216,0.6493760173629951
118,119,"['total day charge', 'total night calls', 'total eve charge', 'total night charge', 'international plan', 'account length', 'total eve minutes', 'total intl minutes', 'customer service calls', 'total eve calls']",0.9085457271364318,0.75,0.5567010309278351,0.6390532544378699,0.7625610417797071
119,120,"['total eve charge', 'total day calls', 'number vmail messages', 'total night minutes', 'total intl calls', 'total day charge', 'total day minutes', 'total intl minutes', 'total intl charge', 'total night calls']",0.8860569715142429,0.8620689655172413,0.25773195876288657,0.3968253968253968,0.6253572074516187
120,121,"['total night minutes', 'total eve calls', 'total intl calls', 'international plan', 'total intl minutes', 'account length', 'customer service calls', 'total day calls', 'number vmail messages', 'total intl charge']",0.8785607196401799,0.6379310344827587,0.38144329896907214,0.4774193548387097,0.6723005968529571
121,122,"['total day charge', 'total eve charge', 'total night charge', 'number vmail messages', 'account length', 'total night minutes', 'voice mail plan', 'customer service calls', 'total eve minutes', 'international plan']",0.9130434782608695,0.8545454545454545,0.4845360824742268,0.618421052631579,0.7352504973774643
122,123,"['international plan', 'total day minutes', 'total night charge', 'number vmail messages', 'total day charge', 'total eve charge', 'voice mail plan', 'total eve minutes', 'total night calls', 'customer service calls']",0.9190404797601199,0.864406779661017,0.5257731958762887,0.6538461538461539,0.7558690540784951
123,124,"['total night charge', 'voice mail plan', 'total day minutes', 'total day charge', 'total eve charge', 'total night minutes', 'international plan', 'total intl charge', 'total eve minutes', 'account length']",0.9175412293853074,0.9375,0.4639175257731959,0.6206896551724138,0.7293271839392296
124,125,"['total intl calls', 'total night calls', 'voice mail plan', 'total day minutes', 'customer service calls', 'total eve minutes', 'total night minutes', 'international plan', 'total day charge', 'total day calls']",0.9280359820089955,0.8769230769230769,0.5876288659793815,0.7037037037037037,0.7867968891300416
125,126,"['total night charge', 'total intl calls', 'total day minutes', 'number vmail messages', 'international plan', 'total intl charge', 'total intl minutes', 'customer service calls', 'total eve calls', 'total day calls']",0.9100449775112444,0.7605633802816901,0.5567010309278351,0.6428571428571429,0.7634382347621631
126,127,"['total day minutes', 'total eve calls', 'total eve minutes', 'total night charge', 'account length', 'voice mail plan', 'total intl minutes', 'international plan', 'total eve charge', 'total day calls']",0.9130434782608695,0.9333333333333333,0.4329896907216495,0.5915492957746479,0.7138632664134563
127,128,"['total intl charge', 'customer service calls', 'account length', 'total eve minutes', 'total day minutes', 'number vmail messages', 'total intl calls', 'total night charge', 'total eve charge', 'voice mail plan']",0.9175412293853074,0.875,0.5051546391752577,0.6405228758169934,0.7464369687104359
128,129,"['total night minutes', 'account length', 'customer service calls', 'total day charge', 'total intl minutes', 'number vmail messages', 'total eve charge', 'total night charge', 'total eve calls', 'total eve minutes']",0.9160419790104948,0.8727272727272727,0.4948453608247423,0.631578947368421,0.7412823295351781
129,130,"['voice mail plan', 'total night charge', 'total night minutes', 'international plan', 'total day calls', 'customer service calls', 'total eve calls', 'total intl minutes', 'number vmail messages', 'total eve minutes']",0.8740629685157422,0.6511627906976745,0.28865979381443296,0.4,0.6311720021703743
130,131,"['account length', 'customer service calls', 'total eve minutes', 'total intl minutes', 'voice mail plan', 'total intl calls', 'total day charge', 'total day calls', 'total night calls', 'total night minutes']",0.9070464767616192,0.8723404255319149,0.422680412371134,0.5694444444444444,0.7060770482908302
131,132,"['total night minutes', 'total eve charge', 'customer service calls', 'total day charge', 'total eve calls', 'total intl minutes', 'total day calls', 'number vmail messages', 'total intl calls', 'total intl charge']",0.9085457271364318,0.8333333333333334,0.4639175257731959,0.5960264900662252,0.7240640260444927
132,133,"['total eve charge', 'total night minutes', 'total intl charge', 'voice mail plan', 'account length', 'total night calls', 'international plan', 'number vmail messages', 'total intl minutes', 'total day charge']",0.9070464767616192,0.8888888888888888,0.41237113402061853,0.5633802816901409,0.7017996020980285
133,134,"['total night charge', 'total eve charge', 'total intl minutes', 'total day calls', 'customer service calls', 'total intl charge', 'total night minutes', 'total eve calls', 'total day charge', 'number vmail messages']",0.9085457271364318,0.8103448275862069,0.4845360824742268,0.6064516129032258,0.732618918430096
134,135,"['total day calls', 'total day charge', 'international plan', 'total intl minutes', 'total night minutes', 'total intl calls', 'voice mail plan', 'total eve minutes', 'number vmail messages', 'total day minutes']",0.9220389805097451,0.9090909090909091,0.5154639175257731,0.6578947368421053,0.7533459938506057
135,136,"['total night charge', 'international plan', 'total eve charge', 'voice mail plan', 'total day charge', 'total day calls', 'total eve calls', 'number vmail messages', 'total eve minutes', 'customer service calls']",0.9160419790104948,0.847457627118644,0.5154639175257731,0.6410256410256411,0.7498372219207813
136,137,"['total intl charge', 'total eve minutes', 'total night charge', 'total night minutes', 'total intl calls', 'total night calls', 'customer service calls', 'total day calls', 'voice mail plan', 'total day charge']",0.9130434782608695,0.8545454545454545,0.4845360824742268,0.618421052631579,0.7352504973774643
137,138,"['total day calls', 'customer service calls', 'total day charge', 'total night minutes', 'voice mail plan', 'account length', 'total night charge', 'total intl calls', 'total eve calls', 'total intl charge']",0.8785607196401799,0.6666666666666666,0.32989690721649484,0.4413793103448276,0.6509133658889492
138,139,"['total night calls', 'total eve calls', 'customer service calls', 'voice mail plan', 'account length', 'total day minutes', 'total night minutes', 'total eve minutes', 'total intl calls', 'total eve charge']",0.9175412293853074,0.85,0.5257731958762887,0.6496815286624203,0.754991861096039
139,140,"['total intl charge', 'total intl minutes', 'voice mail plan', 'number vmail messages', 'total eve charge', 'total eve minutes', 'total night calls', 'total eve calls', 'total night charge', 'total night minutes']",0.8530734632683659,0.3333333333333333,0.010309278350515464,0.02,0.5034002532103454
140,141,"['total night charge', 'total eve minutes', 'total intl charge', 'total night minutes', 'total day charge', 'customer service calls', 'total day calls', 'total eve charge', 'international plan', 'total eve calls']",0.904047976011994,0.7323943661971831,0.5360824742268041,0.6190476190476191,0.7513745704467353
141,142,"['account length', 'total intl calls', 'total day charge', 'total eve charge', 'voice mail plan', 'total eve minutes', 'total night calls', 'total intl minutes', 'total day calls', 'international plan']",0.9190404797601199,0.9215686274509803,0.4845360824742268,0.6351351351351351,0.7387592693072889
142,143,"['total intl minutes', 'total intl charge', 'international plan', 'number vmail messages', 'total eve charge', 'total day minutes', 'total night calls', 'total intl calls', 'total day calls', 'total eve minutes']",0.9205397301349325,0.9074074074074074,0.5051546391752577,0.6490066225165563,0.7481913546753481
143,144,"['total intl minutes', 'total intl charge', 'total day charge', 'total eve minutes', 'international plan', 'total day calls', 'number vmail messages', 'customer service calls', 'total eve charge', 'total night minutes']",0.9370314842578711,0.9104477611940298,0.6288659793814433,0.7439024390243902,0.8091698317959847
144,145,"['total night calls', 'total day charge', 'total night minutes', 'account length', 'number vmail messages', 'total day calls', 'total intl charge', 'total night charge', 'total eve minutes', 'total intl calls']",0.8875562218890555,0.9230769230769231,0.24742268041237114,0.3902439024390244,0.6219569542412733
145,146,"['total eve charge', 'total eve minutes', 'account length', 'total intl minutes', 'voice mail plan', 'total night charge', 'total intl calls', 'total eve calls', 'total day calls', 'total day charge']",0.8875562218890555,0.84375,0.27835051546391754,0.4186046511627907,0.634789292819678
146,147,"['total intl charge', 'account length', 'total night charge', 'international plan', 'total eve charge', 'total day calls', 'total eve minutes', 'total intl minutes', 'customer service calls', 'voice mail plan']",0.8830584707646177,0.7317073170731707,0.30927835051546393,0.43478260869565216,0.6449900524507144
147,148,"['total night charge', 'total eve calls', 'total eve charge', 'total intl calls', 'account length', 'total day charge', 'international plan', 'total day calls', 'total intl minutes', 'total eve minutes']",0.8980509745127436,0.7636363636363637,0.4329896907216495,0.5526315789473685,0.705091336588895
148,149,"['voice mail plan', 'total eve calls', 'total day calls', 'customer service calls', 'number vmail messages', 'total night charge', 'total day minutes', 'international plan', 'account length', 'total eve minutes']",0.9130434782608695,0.8421052631578947,0.4948453608247423,0.6233766233766234,0.7395279435702659
149,150,"['total intl charge', 'voice mail plan', 'total intl calls', 'international plan', 'customer service calls', 'number vmail messages', 'total eve calls', 'total day minutes', 'total intl minutes', 'total day calls']",0.9085457271364318,0.7647058823529411,0.5360824742268041,0.6303030303030303,0.7540061493941037
150,151,"['total intl minutes', 'total day calls', 'total day charge', 'total night calls', 'number vmail messages', 'total day minutes', 'voice mail plan', 'international plan', 'account length', 'total night minutes']",0.8830584707646177,0.7021276595744681,0.3402061855670103,0.4583333333333333,0.6578223910291193
151,152,"['total intl calls', 'total day calls', 'total eve minutes', 'total night calls', 'total night charge', 'total night minutes', 'total day minutes', 'total intl minutes', 'customer service calls', 'account length']",0.8860569715142429,0.6779661016949152,0.41237113402061853,0.5128205128205128,0.6895189003436425
152,153,"['total intl minutes', 'number vmail messages', 'total eve minutes', 'international plan', 'account length', 'total night charge', 'total intl calls', 'total intl charge', 'total eve calls', 'total eve charge']",0.8935532233883059,1.0,0.26804123711340205,0.42276422764227645,0.634020618556701
153,154,"['total eve minutes', 'total intl calls', 'total intl minutes', 'total night minutes', 'total night calls', 'number vmail messages', 'total night charge', 'account length', 'total eve calls', 'total intl charge']",0.8545727136431784,0.0,0.0,0.0,0.5
154,155,"['total eve calls', 'total night minutes', 'total day calls', 'international plan', 'total night calls', 'total intl calls', 'customer service calls', 'voice mail plan', 'total intl minutes', 'account length']",0.8860569715142429,0.6909090909090909,0.3917525773195876,0.5,0.6809640079580394
155,156,"['total eve calls', 'total eve charge', 'total day charge', 'total intl calls', 'customer service calls', 'voice mail plan', 'total intl charge', 'total day calls', 'total eve minutes', 'total night minutes']",0.9190404797601199,0.8771929824561403,0.5154639175257731,0.6493506493506493,0.7515916078856936
156,157,"['total day minutes', 'total eve charge', 'total night minutes', 'total eve calls', 'total eve minutes', 'number vmail messages', 'total intl minutes', 'total intl calls', 'total night charge', 'voice mail plan']",0.8950524737631185,0.8857142857142857,0.31958762886597936,0.4696969696969697,0.6562850425031651
157,158,"['total night calls', 'total night minutes', 'international plan', 'total intl minutes', 'total night charge', 'total day minutes', 'total day calls', 'voice mail plan', 'number vmail messages', 'total eve minutes']",0.904047976011994,0.8666666666666667,0.4020618556701031,0.5492957746478874,0.6957677699403146
158,159,"['total night charge', 'voice mail plan', 'total intl charge', 'total night minutes', 'total intl calls', 'total intl minutes', 'total day charge', 'international plan', 'total eve charge', 'total day calls']",0.9160419790104948,0.9019607843137255,0.4742268041237113,0.6216216216216216,0.732727437149575
159,160,"['total night calls', 'total day calls', 'total intl calls', 'total eve minutes', 'total intl charge', 'voice mail plan', 'total eve charge', 'total day minutes', 'total eve calls', 'total night minutes']",0.8875562218890555,0.8666666666666667,0.26804123711340205,0.4094488188976378,0.6305118466268764
160,161,"['total day minutes', 'total night charge', 'total night minutes', 'account length', 'total night calls', 'total eve minutes', 'total eve calls', 'customer service calls', 'total day calls', 'total intl calls']",0.881559220389805,0.6551724137931034,0.3917525773195876,0.49032258064516127,0.6783324290106709
161,162,"['total night charge', 'total eve calls', 'total day minutes', 'total night minutes', 'total intl charge', 'number vmail messages', 'total day charge', 'total night calls', 'total intl minutes', 'customer service calls']",0.8830584707646177,0.6727272727272727,0.38144329896907214,0.4868421052631579,0.6749321758003256
162,163,"['total day calls', 'total eve minutes', 'total intl minutes', 'total night calls', 'total day charge', 'total day minutes', 'account length', 'total intl charge', 'total eve calls', 'total eve charge']",0.8680659670164917,0.5957446808510638,0.28865979381443296,0.3888888888888889,0.6276632302405497
163,164,"['total eve charge', 'total night calls', 'total day charge', 'international plan', 'total eve minutes', 'total day minutes', 'customer service calls', 'total intl calls', 'total eve calls', 'total night minutes']",0.9145427286356822,0.7564102564102564,0.6082474226804123,0.6742857142857143,0.7874570446735395
164,165,"['total day charge', 'account length', 'total intl charge', 'total night minutes', 'total eve charge', 'voice mail plan', 'total day minutes', 'total eve minutes', 'total day calls', 'international plan']",0.9130434782608695,0.9333333333333333,0.4329896907216495,0.5915492957746479,0.7138632664134563
165,166,"['total intl minutes', 'number vmail messages', 'customer service calls', 'total day calls', 'total night charge', 'total intl charge', 'account length', 'total day charge', 'total eve minutes', 'total night calls']",0.9055472263868066,0.8269230769230769,0.44329896907216493,0.5771812080536913,0.7137547476939771
166,167,"['total intl charge', 'total eve charge', 'international plan', 'total eve calls', 'total day calls', 'total night minutes', 'total day minutes', 'total night charge', 'total eve minutes', 'total intl calls']",0.8995502248875562,0.7678571428571429,0.44329896907216493,0.5620915032679739,0.7102459757641527
167,168,"['account length', 'total intl charge', 'total night calls', 'international plan', 'total eve calls', 'total eve charge', 'total eve minutes', 'customer service calls', 'total night minutes', 'total day calls']",0.8770614692653673,0.7027027027027027,0.26804123711340205,0.3880597014925373,0.6243714957496835
168,169,"['number vmail messages', 'voice mail plan', 'total night minutes', 'customer service calls', 'international plan', 'total night calls', 'total eve calls', 'account length', 'total intl charge', 'total night charge']",0.8710644677661169,0.6341463414634146,0.26804123711340205,0.37681159420289856,0.620862723819859
169,170,"['total night calls', 'total intl charge', 'total eve calls', 'total day calls', 'international plan', 'total eve charge', 'total day charge', 'total eve minutes', 'total intl calls', 'customer service calls']",0.9145427286356822,0.7564102564102564,0.6082474226804123,0.6742857142857143,0.7874570446735395
170,171,"['total night charge', 'total intl minutes', 'total day charge', 'total night minutes', 'total eve charge', 'account length', 'customer service calls', 'total intl calls', 'total day minutes', 'total day calls']",0.8905547226386806,0.6935483870967742,0.44329896907216493,0.5408805031446541,0.7049828178694157
171,172,"['total night charge', 'total intl charge', 'total day calls', 'total day charge', 'total night minutes', 'voice mail plan', 'number vmail messages', 'total day minutes', 'total eve minutes', 'total intl minutes']",0.8950524737631185,0.8648648648648649,0.32989690721649484,0.47761194029850745,0.6605624886959667
172,173,"['total eve charge', 'international plan', 'total day calls', 'total night charge', 'total eve calls', 'total intl minutes', 'number vmail messages', 'total night minutes', 'total day minutes', 'voice mail plan']",0.9010494752623688,0.8604651162790697,0.38144329896907214,0.5285714285714286,0.6854584915897992
173,174,"['total day calls', 'total eve charge', 'total day charge', 'total night calls', 'customer service calls', 'international plan', 'total eve calls', 'number vmail messages', 'total day minutes', 'total intl charge']",0.9265367316341829,0.8636363636363636,0.5876288659793815,0.6993865030674846,0.7859196961475855
174,175,"['total intl calls', 'customer service calls', 'total intl minutes', 'account length', 'number vmail messages', 'total eve calls', 'international plan', 'total eve minutes', 'total day calls', 'total night charge']",0.8935532233883059,0.7407407407407407,0.41237113402061853,0.5298013245033113,0.6939048652559232
175,176,"['total day minutes', 'total intl calls', 'total night calls', 'total night charge', 'customer service calls', 'total day charge', 'total night minutes', 'total day calls', 'total eve charge', 'number vmail messages']",0.9175412293853074,0.875,0.5051546391752577,0.6405228758169934,0.7464369687104359
176,177,"['customer service calls', 'account length', 'total eve calls', 'voice mail plan', 'total night charge', 'total intl calls', 'total day charge', 'total intl minutes', 'total intl charge', 'total day calls']",0.881559220389805,0.68,0.35051546391752575,0.46258503401360546,0.6612226442394648
177,178,"['total day minutes', 'total night minutes', 'voice mail plan', 'account length', 'total intl minutes', 'number vmail messages', 'total day calls', 'total intl calls', 'total night calls', 'total eve charge']",0.8845577211394303,0.8333333333333334,0.25773195876288657,0.3937007874015748,0.6244800144691626
178,179,"['total intl minutes', 'number vmail messages', 'total night charge', 'total intl charge', 'total day calls', 'total intl calls', 'international plan', 'total night minutes', 'total eve calls', 'account length']",0.8920539730134932,0.9629629629629629,0.26804123711340205,0.41935483870967744,0.6331434255742449
179,180,"['total intl calls', 'international plan', 'total day minutes', 'total night calls', 'number vmail messages', 'total eve calls', 'account length', 'voice mail plan', 'total eve charge', 'total day calls']",0.8950524737631185,0.8292682926829268,0.35051546391752575,0.4927536231884058,0.6691173810815699
180,181,"['total night calls', 'total eve charge', 'total eve calls', 'account length', 'total intl charge', 'total day calls', 'total intl calls', 'total intl minutes', 'total eve minutes', 'total day charge']",0.8665667166416792,0.5952380952380952,0.25773195876288657,0.3597122302158273,0.6139536986796889
181,182,"['total night calls', 'total eve charge', 'total intl minutes', 'total intl charge', 'number vmail messages', 'account length', 'total night minutes', 'international plan', 'total eve minutes', 'total day minutes']",0.9055472263868066,0.9047619047619048,0.3917525773195876,0.5467625899280576,0.6923675167299692
182,183,"['total night calls', 'customer service calls', 'account length', 'total night charge', 'total day charge', 'total intl calls', 'total day calls', 'total intl charge', 'total day minutes', 'total intl minutes']",0.8680659670164917,0.5737704918032787,0.36082474226804123,0.4430379746835443,0.6576053535901609
183,184,"['total eve minutes', 'voice mail plan', 'total day minutes', 'international plan', 'total day charge', 'total intl charge', 'account length', 'total intl minutes', 'customer service calls', 'total night minutes']",0.9310344827586207,0.9047619047619048,0.5876288659793815,0.7125,0.7885512750949539
184,185,"['customer service calls', 'account length', 'total night calls', 'international plan', 'total night charge', 'total eve calls', 'total eve charge', 'total intl minutes', 'number vmail messages', 'total day minutes']",0.9250374812593704,0.8983050847457628,0.5463917525773195,0.6794871794871795,0.7679327183939229
185,186,"['international plan', 'voice mail plan', 'total night charge', 'total night minutes', 'account length', 'total night calls', 'number vmail messages', 'total eve calls', 'total intl minutes', 'total eve charge']",0.8740629685157422,0.8823529411764706,0.15463917525773196,0.2631578947368421,0.5755652016639536
186,187,"['total intl calls', 'account length', 'total eve calls', 'total night minutes', 'international plan', 'total day calls', 'total night calls', 'total intl charge', 'customer service calls', 'total eve charge']",0.8920539730134932,0.7358490566037735,0.4020618556701031,0.52,0.6887502260806656
187,188,"['total night minutes', 'account length', 'international plan', 'total night calls', 'total eve calls', 'total intl charge', 'number vmail messages', 'total day charge', 'total day minutes', 'total night charge']",0.889055472263868,0.7674418604651163,0.3402061855670103,0.4714285714285714,0.6613311629589437
188,189,"['total intl minutes', 'total eve charge', 'voice mail plan', 'total eve minutes', 'total night charge', 'total intl charge', 'total night calls', 'total day minutes', 'total day calls', 'total eve calls']",0.8920539730134932,0.8378378378378378,0.31958762886597936,0.4626865671641791,0.6545306565382528
189,190,"['total night charge', 'total eve minutes', 'voice mail plan', 'total intl charge', 'international plan', 'total eve charge', 'number vmail messages', 'account length', 'total day minutes', 'total eve calls']",0.9115442278860569,0.9130434782608695,0.4329896907216495,0.5874125874125874,0.7129860734310002
190,191,"['total eve calls', 'number vmail messages', 'customer service calls', 'total night calls', 'total day charge', 'total eve minutes', 'international plan', 'total eve charge', 'total day minutes', 'voice mail plan']",0.9130434782608695,0.8095238095238095,0.5257731958762887,0.6375,0.7523602821486707
191,192,"['total night calls', 'total eve minutes', 'total eve calls', 'total intl calls', 'voice mail plan', 'international plan', 'total day charge', 'total night charge', 'total night minutes', 'total day calls']",0.8995502248875562,0.8947368421052632,0.35051546391752575,0.5037037037037037,0.6717489600289384
192,193,"['total night minutes', 'voice mail plan', 'total intl calls', 'international plan', 'total day charge', 'total day minutes', 'total eve charge', 'account length', 'total eve minutes', 'number vmail messages']",0.9115442278860569,0.8958333333333334,0.44329896907216493,0.593103448275862,0.7172635196238017
193,194,"['total intl calls', 'international plan', 'total intl charge', 'total night charge', 'account length', 'number vmail messages', 'total night minutes', 'total day minutes', 'total eve calls', 'total intl minutes']",0.9025487256371814,0.8076923076923077,0.4329896907216495,0.5637583892617449,0.7077229155362633
194,195,"['total night calls', 'total intl charge', 'total intl calls', 'total intl minutes', 'voice mail plan', 'total night charge', 'total eve minutes', 'total eve charge', 'total day calls', 'total day charge']",0.8935532233883059,0.8823529411764706,0.30927835051546393,0.4580152671755725,0.6511304033279074
195,196,"['customer service calls', 'total day calls', 'number vmail messages', 'account length', 'total night charge', 'voice mail plan', 'total night minutes', 'international plan', 'total intl minutes', 'total intl charge']",0.8740629685157422,0.6585365853658537,0.27835051546391754,0.391304347826087,0.6268945559775727
196,197,"['customer service calls', 'voice mail plan', 'total night minutes', 'total eve charge', 'total eve minutes', 'total intl calls', 'total day calls', 'total day charge', 'total intl minutes', 'number vmail messages']",0.9145427286356822,0.8448275862068966,0.5051546391752577,0.632258064516129,0.7446825827455236
197,198,"['voice mail plan', 'number vmail messages', 'total day minutes', 'total night charge', 'total eve minutes', 'total intl charge', 'total intl minutes', 'customer service calls', 'total intl calls', 'account length']",0.9115442278860569,0.8653846153846154,0.4639175257731959,0.6040268456375839,0.725818412009405
198,199,"['customer service calls', 'account length', 'total night minutes', 'total night calls', 'total intl minutes', 'total eve minutes', 'number vmail messages', 'total intl calls', 'total day charge', 'voice mail plan']",0.904047976011994,0.8367346938775511,0.422680412371134,0.5616438356164384,0.7043226623259178
199,200,"['voice mail plan', 'account length', 'international plan', 'total eve minutes', 'total night calls', 'total eve calls', 'total intl minutes', 'total intl calls', 'total day calls', 'total night minutes']",0.8920539730134932,0.9629629629629629,0.26804123711340205,0.41935483870967744,0.6331434255742449
200,201,"['total day minutes', 'total night charge', 'total day charge', 'total night minutes', 'total intl minutes', 'number vmail messages', 'voice mail plan', 'total day calls', 'total intl charge', 'customer service calls']",0.8785607196401799,0.6428571428571429,0.3711340206185567,0.47058823529411764,0.6680231506601555
201,202,"['total intl calls', 'total intl minutes', 'account length', 'total day calls', 'total night calls', 'total intl charge', 'total eve minutes', 'total eve charge', 'total day minutes', 'voice mail plan']",0.8860569715142429,0.7837837837837838,0.29896907216494845,0.43283582089552236,0.6424669922228251
202,203,"['total night calls', 'total intl minutes', 'total intl charge', 'account length', 'voice mail plan', 'total night minutes', 'total night charge', 'total day calls', 'number vmail messages', 'total eve charge']",0.8530734632683659,0.0,0.0,0.0,0.49912280701754386
203,204,"['total night charge', 'total intl calls', 'international plan', 'customer service calls', 'total eve calls', 'voice mail plan', 'number vmail messages', 'total eve charge', 'total day minutes', 'total intl charge']",0.9400299850074962,0.8904109589041096,0.6701030927835051,0.7647058823529411,0.8280340025321032
204,205,"['total eve charge', 'total intl calls', 'number vmail messages', 'international plan', 'customer service calls', 'total intl charge', 'total eve minutes', 'total day minutes', 'total night charge', 'account length']",0.9445277361319341,0.9166666666666666,0.6804123711340206,0.7810650887573964,0.8349430276722735
205,206,"['total day calls', 'total eve minutes', 'total eve charge', 'total intl minutes', 'total day charge', 'total night minutes', 'total night calls', 'total intl calls', 'customer service calls', 'international plan']",0.9205397301349325,0.775,0.6391752577319587,0.7005649717514124,0.8037981551817689
206,207,"['account length', 'total eve charge', 'total day charge', 'number vmail messages', 'total intl charge', 'customer service calls', 'total intl minutes', 'total eve minutes', 'total day minutes', 'total night charge']",0.9175412293853074,0.8620689655172413,0.5154639175257731,0.6451612903225806,0.7507144149032374
207,208,"['total eve calls', 'total day charge', 'total day calls', 'total night minutes', 'total intl minutes', 'total night charge', 'total intl calls', 'international plan', 'number vmail messages', 'voice mail plan']",0.9025487256371814,0.8076923076923077,0.4329896907216495,0.5637583892617449,0.7077229155362633
208,209,"['total day charge', 'total eve calls', 'total eve minutes', 'total eve charge', 'total intl calls', 'international plan', 'total night charge', 'number vmail messages', 'total intl minutes', 'voice mail plan']",0.9235382308845578,0.9107142857142857,0.5257731958762887,0.6666666666666666,0.7585006330258636
209,210,"['total eve charge', 'total intl minutes', 'customer service calls', 'total intl charge', 'total day minutes', 'total night charge', 'international plan', 'total intl calls', 'voice mail plan', 'total night minutes']",0.9400299850074962,0.9014084507042254,0.6597938144329897,0.7619047619047619,0.8237565563393018
210,211,"['total night minutes', 'total eve minutes', 'total day calls', 'total night charge', 'total eve charge', 'international plan', 'total day minutes', 'total intl calls', 'voice mail plan', 'total eve calls']",0.9070464767616192,0.926829268292683,0.3917525773195876,0.5507246376811594,0.6932447097124254
211,212,"['customer service calls', 'total night calls', 'account length', 'total night charge', 'total eve calls', 'total night minutes', 'total day charge', 'total intl calls', 'total eve charge', 'voice mail plan']",0.9115442278860569,0.8518518518518519,0.4742268041237113,0.609271523178808,0.7300958582022065
212,213,"['number vmail messages', 'total day minutes', 'account length', 'total intl charge', 'international plan', 'total night calls', 'total intl calls', 'total night minutes', 'voice mail plan', 'total eve calls']",0.9010494752623688,0.803921568627451,0.422680412371134,0.5540540540540541,0.7025682763610056
213,214,"['total eve charge', 'international plan', 'total eve minutes', 'account length', 'total day minutes', 'total day calls', 'number vmail messages', 'customer service calls', 'voice mail plan', 'total intl calls']",0.9295352323838081,0.8787878787878788,0.5979381443298969,0.7116564417177914,0.7919515283052994
214,215,"['total eve charge', 'international plan', 'total day charge', 'total night charge', 'total intl minutes', 'total day calls', 'total night calls', 'total intl calls', 'voice mail plan', 'total day minutes']",0.9175412293853074,0.9038461538461539,0.4845360824742268,0.6308724832214765,0.7378820763248327
215,216,"['total night calls', 'total eve charge', 'total intl charge', 'total day minutes', 'voice mail plan', 'number vmail messages', 'total intl minutes', 'total night minutes', 'account length', 'total day charge']",0.896551724137931,0.868421052631579,0.3402061855670103,0.4888888888888889,0.6657171278712245
216,217,"['total day calls', 'total eve minutes', 'international plan', 'total day charge', 'total night charge', 'total intl calls', 'total night minutes', 'total eve charge', 'total eve calls', 'total intl minutes']",0.9010494752623688,0.7627118644067796,0.4639175257731959,0.5769230769230769,0.7196780611322121
217,218,"['customer service calls', 'total intl minutes', 'total intl calls', 'total eve charge', 'total night minutes', 'total day minutes', 'number vmail messages', 'international plan', 'voice mail plan', 'total eve calls']",0.9400299850074962,0.9014084507042254,0.6597938144329897,0.7619047619047619,0.8237565563393018
218,219,"['total eve calls', 'total eve minutes', 'account length', 'total day minutes', 'total eve charge', 'total intl calls', 'international plan', 'total night charge', 'total night minutes', 'voice mail plan']",0.9100449775112444,0.9302325581395349,0.41237113402061853,0.5714285714285714,0.7035539880629408
219,220,"['total day minutes', 'total night calls', 'total eve charge', 'customer service calls', 'number vmail messages', 'total intl charge', 'voice mail plan', 'total night minutes', 'total night charge', 'account length']",0.9160419790104948,0.8867924528301887,0.4845360824742268,0.6266666666666667,0.7370048833423766
220,221,"['total day minutes', 'international plan', 'total day charge', 'total night calls', 'customer service calls', 'total night minutes', 'total eve calls', 'total eve charge', 'total day calls', 'total intl charge']",0.9010494752623688,0.7066666666666667,0.5463917525773195,0.6162790697674418,0.7538976306746247
221,222,"['international plan', 'voice mail plan', 'number vmail messages', 'customer service calls', 'total night calls', 'total intl minutes', 'total intl calls', 'total eve minutes', 'total night charge', 'total eve calls']",0.896551724137931,0.78,0.4020618556701031,0.5306122448979592,0.6913818050280339
222,223,"['total intl minutes', 'international plan', 'total day calls', 'total eve charge', 'total day minutes', 'total intl calls', 'total night calls', 'number vmail messages', 'total eve minutes', 'account length']",0.9160419790104948,0.9019607843137255,0.4742268041237113,0.6216216216216216,0.732727437149575
223,224,"['international plan', 'total eve calls', 'number vmail messages', 'total intl calls', 'total night minutes', 'total day calls', 'voice mail plan', 'customer service calls', 'total eve minutes', 'total day minutes']",0.9325337331334332,0.8939393939393939,0.6082474226804123,0.7239263803680982,0.7979833604630132
224,225,"['total day charge', 'total eve calls', 'total eve minutes', 'total night minutes', 'total day calls', 'total eve charge', 'voice mail plan', 'total day minutes', 'total night charge', 'total night calls']",0.8905547226386806,0.8333333333333334,0.30927835051546393,0.45112781954887216,0.6493760173629951
225,226,"['number vmail messages', 'account length', 'customer service calls', 'total eve minutes', 'total day calls', 'total night minutes', 'total day minutes', 'total night calls', 'voice mail plan', 'total intl minutes']",0.9115442278860569,0.8653846153846154,0.4639175257731959,0.6040268456375839,0.725818412009405
226,227,"['total intl minutes', 'total eve minutes', 'customer service calls', 'total intl charge', 'account length', 'total eve charge', 'total eve calls', 'total intl calls', 'total night charge', 'international plan']",0.8950524737631185,0.7755102040816326,0.3917525773195876,0.5205479452054794,0.6862271658527762
227,228,"['customer service calls', 'number vmail messages', 'total night calls', 'international plan', 'total day calls', 'total eve calls', 'total eve minutes', 'total intl minutes', 'total intl calls', 'total intl charge']",0.8905547226386806,0.75,0.3711340206185567,0.496551724137931,0.6750406945198048
228,229,"['total eve charge', 'account length', 'total intl minutes', 'total eve minutes', 'total night calls', 'total intl calls', 'customer service calls', 'total intl charge', 'total day calls', 'total day minutes']",0.8845577211394303,0.6612903225806451,0.422680412371134,0.5157232704402516,0.692919153553988
229,230,"['total day minutes', 'voice mail plan', 'customer service calls', 'total intl minutes', 'international plan', 'account length', 'total night charge', 'number vmail messages', 'total day calls', 'total intl charge']",0.904047976011994,0.7619047619047619,0.4948453608247423,0.6,0.734264785675529
230,231,"['total intl calls', 'total night charge', 'total intl charge', 'total eve calls', 'total day calls', 'total day charge', 'total night minutes', 'total night calls', 'international plan', 'total eve charge']",0.896551724137931,0.7592592592592593,0.422680412371134,0.543046357615894,0.6999366974136373
231,232,"['voice mail plan', 'total night minutes', 'total eve charge', 'total night charge', 'total intl calls', 'total eve calls', 'total night calls', 'total day charge', 'account length', 'total intl charge']",0.889055472263868,0.8709677419354839,0.27835051546391754,0.421875,0.6356664858021341
232,233,"['total intl minutes', 'total eve minutes', 'account length', 'total day charge', 'total day minutes', 'total eve calls', 'total night calls', 'international plan', 'customer service calls', 'total intl calls']",0.9130434782608695,0.7294117647058823,0.6391752577319587,0.6813186813186813,0.7994121902694882
233,234,"['total eve minutes', 'total night calls', 'total night minutes', 'account length', 'total eve calls', 'international plan', 'number vmail messages', 'total day calls', 'total day charge', 'voice mail plan']",0.8845577211394303,0.8125,0.26804123711340205,0.40310077519379844,0.6287574606619641
234,235,"['voice mail plan', 'total eve charge', 'total intl charge', 'international plan', 'total eve minutes', 'total day charge', 'total night calls', 'total eve calls', 'total day minutes', 'customer service calls']",0.9295352323838081,0.8472222222222222,0.6288659793814433,0.7218934911242604,0.8047838668837042
235,236,"['total day calls', 'total intl calls', 'total eve calls', 'total night minutes', 'total day charge', 'total eve minutes', 'total intl minutes', 'number vmail messages', 'total night calls', 'total day minutes']",0.8920539730134932,0.9032258064516129,0.28865979381443296,0.4375,0.641698317959848
236,237,"['total eve calls', 'total day minutes', 'total day charge', 'total eve minutes', 'total eve charge', 'total day calls', 'total intl minutes', 'total night calls', 'total intl charge', 'account length']",0.8755622188905547,0.64,0.32989690721649484,0.43537414965986393,0.6491589799240369
237,238,"['total night minutes', 'total eve calls', 'total intl minutes', 'international plan', 'total eve charge', 'total intl charge', 'voice mail plan', 'total day calls', 'number vmail messages', 'total night charge']",0.8710644677661169,0.7894736842105263,0.15463917525773196,0.25862068965517243,0.5738108156990414
238,239,"['voice mail plan', 'total intl charge', 'total eve calls', 'total eve charge', 'international plan', 'total eve minutes', 'number vmail messages', 'account length', 'customer service calls', 'total day charge']",0.9250374812593704,0.8309859154929577,0.6082474226804123,0.7023809523809523,0.7935973955507326
239,240,"['international plan', 'total night minutes', 'total intl calls', 'total day minutes', 'total eve minutes', 'total eve calls', 'account length', 'voice mail plan', 'total night charge', 'total intl minutes']",0.9190404797601199,0.9215686274509803,0.4845360824742268,0.6351351351351351,0.7387592693072889
240,241,"['total night calls', 'total eve calls', 'total eve minutes', 'total day calls', 'total eve charge', 'account length', 'total night charge', 'total intl calls', 'total day charge', 'number vmail messages']",0.889055472263868,0.8285714285714286,0.29896907216494845,0.4393939393939394,0.6442213781877373
241,242,"['number vmail messages', 'total intl charge', 'total night calls', 'total eve calls', 'total eve charge', 'total night charge', 'international plan', 'total intl calls', 'total day charge', 'total day minutes']",0.9235382308845578,0.9259259259259259,0.5154639175257731,0.6622516556291391,0.754223186833062
242,243,"['total day charge', 'number vmail messages', 'total night charge', 'total intl calls', 'total night minutes', 'account length', 'total day calls', 'total intl charge', 'voice mail plan', 'total eve minutes']",0.8875562218890555,0.84375,0.27835051546391754,0.4186046511627907,0.634789292819678
243,244,"['total night calls', 'international plan', 'total night charge', 'total eve charge', 'total day calls', 'total intl charge', 'total night minutes', 'total day minutes', 'total eve calls', 'number vmail messages']",0.8995502248875562,0.8947368421052632,0.35051546391752575,0.5037037037037037,0.6717489600289384
244,245,"['total intl charge', 'total day minutes', 'total night charge', 'total night minutes', 'total intl minutes', 'total eve charge', 'total day calls', 'total night calls', 'customer service calls', 'total day charge']",0.889055472263868,0.6825396825396826,0.44329896907216493,0.5375,0.7041056248869597
245,246,"['total day charge', 'customer service calls', 'total day minutes', 'number vmail messages', 'total eve charge', 'total eve calls', 'account length', 'total intl calls', 'total night charge', 'total day calls']",0.9115442278860569,0.8166666666666667,0.5051546391752577,0.6242038216560509,0.7429281967806113
246,247,"['number vmail messages', 'total day minutes', 'account length', 'total night minutes', 'total eve calls', 'total day calls', 'total intl calls', 'total intl minutes', 'voice mail plan', 'total day charge']",0.8695652173913043,0.65625,0.21649484536082475,0.32558139534883723,0.5985982998733949
247,248,"['total eve charge', 'international plan', 'number vmail messages', 'total intl minutes', 'customer service calls', 'total day calls', 'total eve minutes', 'total intl calls', 'total night minutes', 'total night calls']",0.9010494752623688,0.803921568627451,0.422680412371134,0.5540540540540541,0.7025682763610056
248,249,"['account length', 'total eve calls', 'voice mail plan', 'total day charge', 'total day minutes', 'total intl minutes', 'total night charge', 'total night minutes', 'total intl charge', 'international plan']",0.8860569715142429,0.7560975609756098,0.31958762886597936,0.4492753623188406,0.6510218846084282
249,250,"['total intl calls', 'total day calls', 'total day minutes', 'customer service calls', 'account length', 'voice mail plan', 'total eve calls', 'total intl charge', 'total eve charge', 'total night calls']",0.8950524737631185,0.7755102040816326,0.3917525773195876,0.5205479452054794,0.6862271658527762
250,251,"['voice mail plan', 'total eve calls', 'total night minutes', 'number vmail messages', 'total day minutes', 'total intl minutes', 'total intl calls', 'total eve minutes', 'total day charge', 'account length']",0.8920539730134932,0.8048780487804879,0.3402061855670103,0.4782608695652174,0.6630855489238561
251,252,"['total eve minutes', 'total day charge', 'total intl calls', 'total day calls', 'total day minutes', 'total night charge', 'total eve charge', 'total night calls', 'number vmail messages', 'international plan']",0.9100449775112444,0.9111111111111111,0.422680412371134,0.5774647887323944,0.7078314342557425
252,253,"['total night charge', 'total day calls', 'customer service calls', 'total night minutes', 'international plan', 'total eve calls', 'total intl minutes', 'number vmail messages', 'total intl calls', 'total day charge']",0.9130434782608695,0.7671232876712328,0.5773195876288659,0.6588235294117647,0.7737475131126785
253,254,"['international plan', 'total eve calls', 'voice mail plan', 'total intl calls', 'total intl charge', 'total day calls', 'total eve charge', 'total day charge', 'number vmail messages', 'total intl minutes']",0.9145427286356822,0.9,0.4639175257731959,0.6122448979591837,0.7275727979743173
254,255,"['total night charge', 'total eve minutes', 'total intl minutes', 'number vmail messages', 'total intl calls', 'customer service calls', 'international plan', 'total night minutes', 'voice mail plan', 'total eve calls']",0.9010494752623688,0.7924528301886793,0.4329896907216495,0.56,0.7068457225538073
255,256,"['total night minutes', 'customer service calls', 'total intl calls', 'total night calls', 'account length', 'total eve minutes', 'voice mail plan', 'total day calls', 'total eve charge', 'total intl charge']",0.8590704647676162,0.5517241379310345,0.16494845360824742,0.25396825396825395,0.571070718032194
256,257,"['total night calls', 'total intl minutes', 'account length', 'total day minutes', 'total night minutes', 'total day calls', 'total eve charge', 'voice mail plan', 'total intl calls', 'number vmail messages']",0.8875562218890555,0.8666666666666667,0.26804123711340205,0.4094488188976378,0.6305118466268764
257,258,"['total night calls', 'total night charge', 'total eve charge', 'customer service calls', 'international plan', 'total day charge', 'total intl calls', 'total intl minutes', 'total eve calls', 'voice mail plan']",0.9415292353823088,0.9142857142857143,0.6597938144329897,0.7664670658682635,0.8246337493217579
258,259,"['total day charge', 'total night calls', 'total intl charge', 'total eve calls', 'voice mail plan', 'total night minutes', 'customer service calls', 'number vmail messages', 'account length', 'total intl calls']",0.8785607196401799,0.6428571428571429,0.3711340206185567,0.47058823529411764,0.6680231506601555
259,260,"['total day minutes', 'total intl minutes', 'voice mail plan', 'total day charge', 'total intl charge', 'total intl calls', 'total eve charge', 'international plan', 'total night charge', 'total eve calls']",0.9235382308845578,0.9107142857142857,0.5257731958762887,0.6666666666666666,0.7585006330258636
260,261,"['total day charge', 'number vmail messages', 'total eve calls', 'total intl minutes', 'customer service calls', 'total night charge', 'voice mail plan', 'international plan', 'total day minutes', 'total day calls']",0.8980509745127436,0.7301587301587301,0.4742268041237113,0.575,0.7222011213601014
261,262,"['international plan', 'total intl calls', 'total night minutes', 'total eve minutes', 'voice mail plan', 'total intl minutes', 'total day calls', 'total night charge', 'number vmail messages', 'total night calls']",0.8920539730134932,0.9629629629629629,0.26804123711340205,0.41935483870967744,0.6331434255742449
262,263,"['international plan', 'total night charge', 'total eve charge', 'customer service calls', 'total intl charge', 'total day calls', 'total day minutes', 'total night calls', 'total intl minutes', 'total day charge']",0.9070464767616192,0.7333333333333333,0.5670103092783505,0.6395348837209303,0.7659612949900524
263,264,"['total day calls', 'total night minutes', 'voice mail plan', 'total eve minutes', 'customer service calls', 'total day minutes', 'account length', 'total intl minutes', 'number vmail messages', 'total eve charge']",0.9145427286356822,0.8571428571428571,0.4948453608247423,0.6274509803921569,0.740405136552722
264,265,"['total eve minutes', 'number vmail messages', 'total intl charge', 'total day calls', 'total night charge', 'total day minutes', 'voice mail plan', 'international plan', 'total intl calls', 'customer service calls']",0.9415292353823088,0.8918918918918919,0.6804123711340206,0.7719298245614035,0.8331886417073612
265,266,"['international plan', 'total day minutes', 'total day charge', 'voice mail plan', 'total eve charge', 'total eve calls', 'total intl charge', 'total day calls', 'total intl calls', 'total intl minutes']",0.9130434782608695,0.8679245283018868,0.4742268041237113,0.6133333333333333,0.7309730511846627
266,267,"['total day charge', 'total intl calls', 'total eve minutes', 'total night calls', 'total night charge', 'customer service calls', 'total day calls', 'voice mail plan', 'total eve calls', 'total night minutes']",0.904047976011994,0.8113207547169812,0.44329896907216493,0.5733333333333334,0.712877554711521
267,268,"['number vmail messages', 'voice mail plan', 'account length', 'total night calls', 'total day charge', 'total eve minutes', 'international plan', 'total eve calls', 'total intl minutes', 'total night minutes']",0.904047976011994,0.9024390243902439,0.38144329896907214,0.5362318840579711,0.6872128775547115
268,269,"['total eve calls', 'total intl calls', 'number vmail messages', 'total day charge', 'international plan', 'total day minutes', 'customer service calls', 'total intl charge', 'total eve charge', 'account length']",0.9430284857571214,0.9041095890410958,0.6804123711340206,0.7764705882352941,0.8340658346898173
269,270,"['total night minutes', 'total intl charge', 'total day charge', 'international plan', 'account length', 'total day minutes', 'total night charge', 'total intl minutes', 'total intl calls', 'total eve charge']",0.896551724137931,0.7413793103448276,0.44329896907216493,0.5548387096774193,0.7084915897992404
270,271,"['total eve calls', 'total night calls', 'total day charge', 'total night charge', 'total intl minutes', 'total day minutes', 'total eve minutes', 'total night minutes', 'account length', 'total intl calls']",0.863568215892054,0.5789473684210527,0.2268041237113402,0.32592592592592595,0.599366974136372
271,272,"['total intl charge', 'total intl calls', 'total eve calls', 'total day calls', 'total day minutes', 'international plan', 'customer service calls', 'voice mail plan', 'total night calls', 'total day charge']",0.9115442278860569,0.7714285714285715,0.5567010309278351,0.6467065868263473,0.7643154277446194
272,273,"['total day charge', 'total night charge', 'account length', 'total day calls', 'voice mail plan', 'total eve calls', 'total intl charge', 'international plan', 'total eve minutes', 'total intl calls']",0.9145427286356822,0.9,0.4639175257731959,0.6122448979591837,0.7275727979743173
273,274,"['total intl minutes', 'total day minutes', 'total intl charge', 'account length', 'total night minutes', 'international plan', 'customer service calls', 'total day charge', 'total eve minutes', 'total day calls']",0.9070464767616192,0.7333333333333333,0.5670103092783505,0.6395348837209303,0.7659612949900524
274,275,"['total eve minutes', 'total night charge', 'total night calls', 'total day calls', 'total eve calls', 'international plan', 'total eve charge', 'customer service calls', 'total intl charge', 'total night minutes']",0.8800599700149925,0.6976744186046512,0.30927835051546393,0.42857142857142855,0.6432356664858022
275,276,"['total day calls', 'total eve minutes', 'total night calls', 'total day minutes', 'total intl minutes', 'total eve calls', 'voice mail plan', 'total intl calls', 'total day charge', 'total night minutes']",0.8950524737631185,0.8857142857142857,0.31958762886597936,0.4696969696969697,0.6562850425031651
276,277,"['total day charge', 'total intl charge', 'total intl calls', 'total intl minutes', 'total night minutes', 'total night calls', 'total eve charge', 'voice mail plan', 'total night charge', 'total day minutes']",0.9025487256371814,0.9210526315789473,0.36082474226804123,0.5185185185185185,0.6777807921866522
277,278,"['account length', 'total eve calls', 'total night minutes', 'voice mail plan', 'customer service calls', 'international plan', 'number vmail messages', 'total day calls', 'total intl charge', 'total day minutes']",0.8950524737631185,0.7368421052631579,0.4329896907216495,0.5454545454545454,0.7033369506239827
278,279,"['international plan', 'total night calls', 'total intl calls', 'total eve charge', 'total day calls', 'total night minutes', 'account length', 'total day minutes', 'total intl charge', 'number vmail messages']",0.9130434782608695,0.8979591836734694,0.4536082474226804,0.6027397260273972,0.7224181587990595
279,280,"['total eve calls', 'total day calls', 'total day charge', 'total night calls', 'total night minutes', 'total day minutes', 'total intl calls', 'account length', 'total intl charge', 'voice mail plan']",0.8620689655172413,0.5806451612903226,0.18556701030927836,0.28125,0.5813799963827094
280,281,"['number vmail messages', 'total eve minutes', 'voice mail plan', 'account length', 'total eve charge', 'total night minutes', 'total day charge', 'international plan', 'total intl minutes', 'total day minutes']",0.9160419790104948,0.9019607843137255,0.4742268041237113,0.6216216216216216,0.732727437149575
281,282,"['total intl minutes', 'account length', 'total night minutes', 'total eve minutes', 'total night charge', 'international plan', 'total day charge', 'total eve charge', 'total day minutes', 'total eve calls']",0.8875562218890555,0.6964285714285714,0.4020618556701031,0.5098039215686274,0.6861186471332971
282,283,"['total intl calls', 'international plan', 'account length', 'total eve charge', 'total night charge', 'total day minutes', 'total night calls', 'total eve minutes', 'total day charge', 'number vmail messages']",0.9115442278860569,0.9130434782608695,0.4329896907216495,0.5874125874125874,0.7129860734310002
283,284,"['total intl minutes', 'total day minutes', 'total day charge', 'voice mail plan', 'total night charge', 'number vmail messages', 'total eve minutes', 'total night calls', 'total day calls', 'total intl charge']",0.8980509745127436,0.8536585365853658,0.36082474226804123,0.5072463768115942,0.6751492132392838
284,285,"['customer service calls', 'total eve minutes', 'total night minutes', 'total intl charge', 'total eve charge', 'total night calls', 'international plan', 'total day charge', 'total night charge', 'total intl minutes']",0.9100449775112444,0.7534246575342466,0.5670103092783505,0.6470588235294118,0.7677156809549647
285,286,"['total night calls', 'voice mail plan', 'total intl charge', 'total eve minutes', 'number vmail messages', 'customer service calls', 'total day calls', 'total day minutes', 'total eve charge', 'total intl calls']",0.9145427286356822,0.8333333333333334,0.5154639175257731,0.6369426751592356,0.7489600289383251
286,287,"['total day minutes', 'total eve calls', 'total eve charge', 'total eve minutes', 'total day calls', 'number vmail messages', 'total intl minutes', 'international plan', 'voice mail plan', 'total night minutes']",0.9070464767616192,0.8723404255319149,0.422680412371134,0.5694444444444444,0.7060770482908302
287,288,"['total eve calls', 'total day calls', 'total night calls', 'customer service calls', 'total night charge', 'total day minutes', 'total intl calls', 'total intl minutes', 'total intl charge', 'total day charge']",0.8725637181409296,0.5967741935483871,0.38144329896907214,0.46540880503144655,0.6687918249231325
288,289,"['international plan', 'total night charge', 'total eve calls', 'number vmail messages', 'total day charge', 'total intl calls', 'total eve charge', 'total night calls', 'total intl charge', 'total day calls']",0.9145427286356822,0.9,0.4639175257731959,0.6122448979591837,0.7275727979743173
289,290,"['total intl minutes', 'total night charge', 'total intl charge', 'total night minutes', 'customer service calls', 'total day minutes', 'account length', 'voice mail plan', 'total day calls', 'total eve minutes']",0.9100449775112444,0.8627450980392157,0.4536082474226804,0.5945945945945946,0.7206637728341472
290,291,"['voice mail plan', 'customer service calls', 'international plan', 'number vmail messages', 'total day charge', 'total eve charge', 'total eve calls', 'total day calls', 'total night charge', 'total night minutes']",0.9130434782608695,0.8305084745762712,0.5051546391752577,0.6282051282051282,0.7438053897630674
291,292,"['total night calls', 'total intl charge', 'total night charge', 'total eve charge', 'total eve minutes', 'total night minutes', 'customer service calls', 'number vmail messages', 'total day charge', 'total intl calls']",0.9190404797601199,0.8771929824561403,0.5154639175257731,0.6493506493506493,0.7515916078856936
292,293,"['total day minutes', 'total intl calls', 'total eve charge', 'total night minutes', 'customer service calls', 'account length', 'total eve calls', 'total intl charge', 'international plan', 'total night calls']",0.9235382308845578,0.7948717948717948,0.6391752577319587,0.7085714285714285,0.8055525411466811
293,294,"['total day charge', 'total eve minutes', 'total night charge', 'voice mail plan', 'total intl minutes', 'total intl charge', 'number vmail messages', 'total night minutes', 'total intl calls', 'total night calls']",0.8920539730134932,0.8787878787878788,0.29896907216494845,0.4461538461538462,0.6459757641526497
294,295,"['total day minutes', 'account length', 'number vmail messages', 'total intl charge', 'total night calls', 'customer service calls', 'total day calls', 'total intl minutes', 'total eve minutes', 'total night charge']",0.9085457271364318,0.86,0.44329896907216493,0.5850340136054422,0.7155091336588895
295,296,"['total eve minutes', 'account length', 'total night charge', 'total night calls', 'total day minutes', 'international plan', 'total day charge', 'total eve charge', 'total intl minutes', 'voice mail plan']",0.9130434782608695,0.8979591836734694,0.4536082474226804,0.6027397260273972,0.7224181587990595
296,297,"['total intl charge', 'total eve minutes', 'total night calls', 'total day charge', 'total day minutes', 'international plan', 'total intl minutes', 'voice mail plan', 'number vmail messages', 'total night charge']",0.9100449775112444,0.8936170212765957,0.4329896907216495,0.5833333333333334,0.712108880448544
297,298,"['total day charge', 'total night calls', 'customer service calls', 'total intl minutes', 'account length', 'total eve calls', 'international plan', 'number vmail messages', 'total night charge', 'total eve minutes']",0.9265367316341829,0.8870967741935484,0.5670103092783505,0.6918238993710691,0.7773648037619821
298,299,"['total eve minutes', 'total night minutes', 'total intl calls', 'customer service calls', 'international plan', 'total day calls', 'total day minutes', 'total eve charge', 'total night calls', 'total intl minutes']",0.9160419790104948,0.7662337662337663,0.6082474226804123,0.6781609195402298,0.7883342376559956
299,300,"['total night calls', 'total night charge', 'total day charge', 'total eve minutes', 'total eve calls', 'total intl charge', 'total day minutes', 'total intl calls', 'number vmail messages', 'voice mail plan']",0.8980509745127436,0.8918918918918919,0.3402061855670103,0.4925373134328358,0.6665943208536806
300,301,"['total day charge', 'total intl charge', 'total intl minutes', 'total day calls', 'total day minutes', 'number vmail messages', 'total night charge', 'international plan', 'total intl calls', 'customer service calls']",0.9130434782608695,0.7746478873239436,0.5670103092783505,0.6547619047619048,0.769470066919877
301,302,"['total day charge', 'total intl minutes', 'customer service calls', 'total day calls', 'total night charge', 'total eve charge', 'total night calls', 'voice mail plan', 'total eve minutes', 'international plan']",0.9400299850074962,0.9253731343283582,0.6391752577319587,0.7560975609756098,0.8152016639536986
302,303,"['total night calls', 'account length', 'total eve minutes', 'customer service calls', 'total night charge', 'total day minutes', 'total eve calls', 'number vmail messages', 'voice mail plan', 'total day calls']",0.9055472263868066,0.8148148148148148,0.4536082474226804,0.5827814569536424,0.7180321938867787
303,304,"['total intl calls', 'total day minutes', 'international plan', 'total intl charge', 'total night charge', 'number vmail messages', 'total night calls', 'total day charge', 'total night minutes', 'total day calls']",0.896551724137931,0.7592592592592593,0.422680412371134,0.543046357615894,0.6999366974136373
304,305,"['total intl minutes', 'total day charge', 'total night charge', 'account length', 'voice mail plan', 'customer service calls', 'total night calls', 'number vmail messages', 'total intl calls', 'total day calls']",0.8770614692653673,0.6470588235294118,0.3402061855670103,0.44594594594594594,0.6543136190992948
305,306,"['customer service calls', 'account length', 'total night calls', 'total eve minutes', 'total intl minutes', 'total night charge', 'voice mail plan', 'total day minutes', 'total day charge', 'total intl charge']",0.9100449775112444,0.8363636363636363,0.4742268041237113,0.6052631578947368,0.7292186652197504
306,307,"['customer service calls', 'number vmail messages', 'total eve charge', 'total intl charge', 'total night calls', 'total day charge', 'total night charge', 'total eve minutes', 'total day minutes', 'total night minutes']",0.9205397301349325,0.8793103448275862,0.5257731958762887,0.6580645161290323,0.7567462470609513
307,308,"['total eve charge', 'total eve calls', 'international plan', 'total day calls', 'total night calls', 'customer service calls', 'total eve minutes', 'total night minutes', 'account length', 'total day minutes']",0.8875562218890555,0.6774193548387096,0.4329896907216495,0.5283018867924528,0.6989509857117019
308,309,"['voice mail plan', 'international plan', 'total night calls', 'total day calls', 'customer service calls', 'total eve calls', 'total night minutes', 'total eve minutes', 'total intl calls', 'account length']",0.8755622188905547,0.6666666666666666,0.28865979381443296,0.4028776978417266,0.6320491951528305
309,310,"['customer service calls', 'total night minutes', 'international plan', 'total night calls', 'total eve minutes', 'total intl charge', 'number vmail messages', 'account length', 'total intl calls', 'total eve charge']",0.9010494752623688,0.8163265306122449,0.41237113402061853,0.547945205479452,0.6982908301682039
310,311,"['total night minutes', 'voice mail plan', 'total day calls', 'total eve charge', 'total intl minutes', 'total eve calls', 'international plan', 'total intl charge', 'total eve minutes', 'total night calls']",0.8710644677661169,0.7894736842105263,0.15463917525773196,0.25862068965517243,0.5738108156990414
311,312,"['total day calls', 'total day minutes', 'total eve calls', 'total eve minutes', 'total day charge', 'total intl calls', 'international plan', 'number vmail messages', 'total night charge', 'total night calls']",0.9070464767616192,0.8723404255319149,0.422680412371134,0.5694444444444444,0.7060770482908302
312,313,"['total day minutes', 'international plan', 'number vmail messages', 'total night charge', 'total eve charge', 'total night calls', 'account length', 'total intl charge', 'total eve calls', 'total night minutes']",0.896551724137931,0.8888888888888888,0.32989690721649484,0.48120300751879697,0.6614396816784228
313,314,"['total day charge', 'total intl charge', 'customer service calls', 'number vmail messages', 'total eve calls', 'total day minutes', 'total night minutes', 'total intl minutes', 'total day calls', 'voice mail plan']",0.8800599700149925,0.660377358490566,0.36082474226804123,0.4666666666666667,0.6646228974498102
314,315,"['total day calls', 'number vmail messages', 'total night minutes', 'total intl calls', 'total eve calls', 'international plan', 'total night calls', 'voice mail plan', 'total night charge', 'total intl minutes']",0.8935532233883059,1.0,0.26804123711340205,0.42276422764227645,0.634020618556701
315,316,"['total night calls', 'international plan', 'total day charge', 'total eve charge', 'total eve minutes', 'total intl calls', 'number vmail messages', 'total day calls', 'total night charge', 'total day minutes']",0.9115442278860569,0.88,0.4536082474226804,0.5986394557823129,0.7215409658166033
316,317,"['total eve charge', 'total intl minutes', 'number vmail messages', 'total eve minutes', 'total day minutes', 'account length', 'international plan', 'total night minutes', 'total night charge', 'total day charge']",0.9145427286356822,0.9347826086956522,0.44329896907216493,0.6013986013986014,0.719017905588714
317,318,"['total night minutes', 'total day minutes', 'total eve charge', 'total night calls', 'total day charge', 'account length', 'number vmail messages', 'total intl calls', 'total day calls', 'total intl charge']",0.8950524737631185,0.8857142857142857,0.31958762886597936,0.4696969696969697,0.6562850425031651
318,319,"['account length', 'total night minutes', 'total intl calls', 'total day minutes', 'total day charge', 'total night calls', 'total eve minutes', 'total eve calls', 'voice mail plan', 'total eve charge']",0.8920539730134932,0.7906976744186046,0.35051546391752575,0.4857142857142857,0.6673629951166576
319,320,"['total day calls', 'total day minutes', 'voice mail plan', 'total intl charge', 'total night calls', 'total eve minutes', 'total day charge', 'number vmail messages', 'total eve calls', 'account length']",0.8845577211394303,0.75,0.30927835051546393,0.43795620437956206,0.6458672454331705
320,321,"['international plan', 'total day calls', 'total intl charge', 'total intl calls', 'total night minutes', 'total night calls', 'voice mail plan', 'account length', 'customer service calls', 'total night charge']",0.8905547226386806,0.7142857142857143,0.41237113402061853,0.5228758169934641,0.6921504792910109
321,322,"['total intl calls', 'total eve minutes', 'total night charge', 'total night minutes', 'total intl minutes', 'number vmail messages', 'international plan', 'total day minutes', 'voice mail plan', 'customer service calls']",0.9385307346326837,0.8888888888888888,0.6597938144329897,0.757396449704142,0.8228793633568456
322,323,"['total day charge', 'total intl charge', 'number vmail messages', 'international plan', 'total eve calls', 'total day minutes', 'account length', 'voice mail plan', 'total intl calls', 'total eve minutes']",0.9160419790104948,0.8727272727272727,0.4948453608247423,0.631578947368421,0.7412823295351781
323,324,"['total day minutes', 'total eve calls', 'total day calls', 'number vmail messages', 'total night charge', 'total eve minutes', 'total day charge', 'total intl calls', 'voice mail plan', 'total intl minutes']",0.896551724137931,0.85,0.35051546391752575,0.49635036496350365,0.6699945740640261
324,325,"['total night calls', 'total eve minutes', 'total eve calls', 'total intl minutes', 'total night minutes', 'international plan', 'customer service calls', 'total day charge', 'number vmail messages', 'total eve charge']",0.9325337331334332,0.9193548387096774,0.5876288659793815,0.7169811320754716,0.7894284680774101
325,326,"['international plan', 'total night calls', 'voice mail plan', 'total eve calls', 'total intl minutes', 'customer service calls', 'total day charge', 'total night charge', 'total night minutes', 'total intl charge']",0.9010494752623688,0.7384615384615385,0.4948453608247423,0.5925925925925926,0.7325103997106168
326,327,"['account length', 'voice mail plan', 'number vmail messages', 'total night charge', 'total intl charge', 'customer service calls', 'total day charge', 'total night minutes', 'total eve charge', 'total intl calls']",0.9115442278860569,0.8518518518518519,0.4742268041237113,0.609271523178808,0.7300958582022065
327,328,"['international plan', 'total night calls', 'total eve charge', 'total intl calls', 'customer service calls', 'total day charge', 'total eve calls', 'total day minutes', 'voice mail plan', 'number vmail messages']",0.9205397301349325,0.8333333333333334,0.5670103092783505,0.6748466257668712,0.7738560318321578
328,329,"['total night calls', 'number vmail messages', 'total eve charge', 'account length', 'international plan', 'total eve minutes', 'total day charge', 'total eve calls', 'total night charge', 'total intl minutes']",0.9085457271364318,0.9285714285714286,0.4020618556701031,0.5611510791366906,0.6983993488876831
329,330,"['account length', 'total eve minutes', 'international plan', 'total day calls', 'customer service calls', 'total day charge', 'total night calls', 'number vmail messages', 'total eve calls', 'total intl minutes']",0.9220389805097451,0.8688524590163934,0.5463917525773195,0.6708860759493671,0.7661783324290106
330,331,"['total night calls', 'total eve charge', 'account length', 'total day calls', 'total intl charge', 'total intl minutes', 'total day minutes', 'total intl calls', 'total night charge', 'international plan']",0.8935532233883059,0.7166666666666667,0.44329896907216493,0.5477707006369427,0.706737203834328
331,332,"['total night minutes', 'total eve minutes', 'total intl calls', 'total night charge', 'total day minutes', 'voice mail plan', 'total intl minutes', 'total night calls', 'total day charge', 'international plan']",0.9205397301349325,0.9583333333333334,0.4742268041237113,0.6344827586206897,0.7353590160969434
332,333,"['total day minutes', 'total intl charge', 'international plan', 'total night charge', 'total eve minutes', 'number vmail messages', 'total day charge', 'account length', 'voice mail plan', 'total night calls']",0.9115442278860569,0.9318181818181818,0.422680412371134,0.5815602836879432,0.7087086272381986
333,334,"['total eve calls', 'total eve charge', 'total day minutes', 'total night minutes', 'total day calls', 'total night calls', 'total eve minutes', 'voice mail plan', 'total day charge', 'total intl charge']",0.896551724137931,0.868421052631579,0.3402061855670103,0.4888888888888889,0.6657171278712245
334,335,"['total intl minutes', 'total eve calls', 'total intl charge', 'total eve minutes', 'total day charge', 'total eve charge', 'voice mail plan', 'total night minutes', 'total night calls', 'number vmail messages']",0.8995502248875562,0.875,0.36082474226804123,0.5109489051094891,0.6760264062217399
335,336,"['total intl minutes', 'international plan', 'total day calls', 'total eve calls', 'voice mail plan', 'account length', 'total eve charge', 'total night calls', 'total day minutes', 'total eve minutes']",0.9100449775112444,0.9111111111111111,0.422680412371134,0.5774647887323944,0.7078314342557425
336,337,"['total day calls', 'voice mail plan', 'international plan', 'total night calls', 'account length', 'total eve charge', 'total night charge', 'total night minutes', 'total intl minutes', 'number vmail messages']",0.8695652173913043,0.75,0.15463917525773196,0.2564102564102564,0.5729336227165852
337,338,"['total day minutes', 'total night charge', 'account length', 'voice mail plan', 'total eve calls', 'total eve minutes', 'total day calls', 'total intl charge', 'number vmail messages', 'customer service calls']",0.9100449775112444,0.8490566037735849,0.4639175257731959,0.6,0.7249412190269489
338,339,"['total intl calls', 'account length', 'number vmail messages', 'international plan', 'total intl charge', 'total day calls', 'customer service calls', 'total eve charge', 'total day charge', 'total night minutes']",0.9325337331334332,0.90625,0.5979381443298969,0.7204968944099379,0.7937059142702116
339,340,"['total night calls', 'account length', 'total eve calls', 'voice mail plan', 'total eve minutes', 'total night minutes', 'international plan', 'total day charge', 'total intl minutes', 'total day calls']",0.8995502248875562,0.875,0.36082474226804123,0.5109489051094891,0.6760264062217399
340,341,"['international plan', 'total day charge', 'total eve calls', 'total intl calls', 'account length', 'total night charge', 'total night calls', 'number vmail messages', 'voice mail plan', 'total night minutes']",0.8830584707646177,0.7209302325581395,0.31958762886597936,0.44285714285714284,0.649267498643516
341,342,"['total intl minutes', 'total night calls', 'total intl calls', 'number vmail messages', 'voice mail plan', 'total night minutes', 'account length', 'total night charge', 'total day calls', 'total intl charge']",0.8545727136431784,0.0,0.0,0.0,0.5
342,343,"['total day calls', 'total night charge', 'total night minutes', 'total night calls', 'customer service calls', 'total day minutes', 'voice mail plan', 'international plan', 'number vmail messages', 'total eve minutes']",0.9130434782608695,0.8305084745762712,0.5051546391752577,0.6282051282051282,0.7438053897630674
343,344,"['total intl calls', 'total day minutes', 'total night minutes', 'account length', 'total eve charge', 'number vmail messages', 'total night charge', 'total eve minutes', 'international plan', 'total intl minutes']",0.9265367316341829,0.9615384615384616,0.5154639175257731,0.6711409395973155,0.7559775727979743
344,345,"['total eve charge', 'international plan', 'total night minutes', 'total day charge', 'total intl charge', 'total intl minutes', 'total eve minutes', 'number vmail messages', 'total night calls', 'total eve calls']",0.9130434782608695,0.8979591836734694,0.4536082474226804,0.6027397260273972,0.7224181587990595
345,346,"['total day charge', 'total night minutes', 'number vmail messages', 'total eve calls', 'account length', 'total intl minutes', 'total eve charge', 'total intl charge', 'international plan', 'customer service calls']",0.9325337331334332,0.9193548387096774,0.5876288659793815,0.7169811320754716,0.7894284680774101
346,347,"['total eve calls', 'total day calls', 'total intl calls', 'international plan', 'total intl charge', 'total eve minutes', 'total day charge', 'total night charge', 'number vmail messages', 'total day minutes']",0.9130434782608695,0.8823529411764706,0.4639175257731959,0.6081081081081081,0.7266956049918611
347,348,"['total intl calls', 'total day charge', 'total day minutes', 'voice mail plan', 'total eve minutes', 'total eve calls', 'total intl minutes', 'total day calls', 'total night calls', 'total night minutes']",0.8980509745127436,0.8717948717948718,0.35051546391752575,0.5,0.6708717670464822
348,349,"['total day calls', 'total intl charge', 'voice mail plan', 'total intl calls', 'total eve calls', 'number vmail messages', 'account length', 'total day minutes', 'total intl minutes', 'total eve charge']",0.8860569715142429,0.8,0.28865979381443296,0.42424242424242425,0.6381895460300234
349,350,"['total night calls', 'total day calls', 'total eve calls', 'number vmail messages', 'voice mail plan', 'account length', 'total intl calls', 'total eve minutes', 'total eve charge', 'total day minutes']",0.8860569715142429,0.7333333333333333,0.3402061855670103,0.4647887323943662,0.6595767769940316
350,351,"['total night charge', 'international plan', 'total intl minutes', 'voice mail plan', 'customer service calls', 'total eve minutes', 'total day calls', 'total night minutes', 'total intl charge', 'total eve calls']",0.8785607196401799,0.6818181818181818,0.30927835051546393,0.425531914893617,0.642358473503346
351,352,"['total day minutes', 'total day charge', 'international plan', 'total night minutes', 'total night charge', 'number vmail messages', 'total day calls', 'voice mail plan', 'total eve charge', 'total eve minutes']",0.8905547226386806,0.7857142857142857,0.3402061855670103,0.4748201438848921,0.6622083559413999
352,353,"['number vmail messages', 'voice mail plan', 'total night charge', 'total night calls', 'international plan', 'total eve calls', 'total day calls', 'total intl charge', 'total eve minutes', 'total intl calls']",0.8935532233883059,1.0,0.26804123711340205,0.42276422764227645,0.634020618556701
353,354,"['total intl charge', 'total day charge', 'total eve charge', 'total day calls', 'number vmail messages', 'total night calls', 'international plan', 'total night charge', 'total day minutes', 'total intl calls']",0.9235382308845578,0.9259259259259259,0.5154639175257731,0.6622516556291391,0.754223186833062
354,355,"['total intl charge', 'total eve minutes', 'total night charge', 'total eve calls', 'total night minutes', 'account length', 'total intl calls', 'total intl minutes', 'total eve charge', 'number vmail messages']",0.848575712143928,0.0,0.0,0.0,0.4964912280701754
355,356,"['total day minutes', 'total intl minutes', 'total day calls', 'international plan', 'account length', 'total intl calls', 'total night minutes', 'total intl charge', 'total eve minutes', 'total night charge']",0.8950524737631185,0.7288135593220338,0.44329896907216493,0.5512820512820513,0.7076143968167842
356,357,"['total eve calls', 'total night minutes', 'total day minutes', 'total day charge', 'total intl minutes', 'total intl charge', 'voice mail plan', 'total eve charge', 'total day calls', 'number vmail messages']",0.8905547226386806,0.8157894736842105,0.31958762886597936,0.45925925925925926,0.6536534635557967
357,358,"['total night calls', 'total day charge', 'account length', 'total day minutes', 'customer service calls', 'total night minutes', 'number vmail messages', 'total intl minutes', 'total intl charge', 'total day calls']",0.881559220389805,0.6730769230769231,0.36082474226804123,0.4697986577181208,0.6655000904322663
358,359,"['customer service calls', 'total day calls', 'total intl minutes', 'total night minutes', 'number vmail messages', 'total night charge', 'total eve minutes', 'total day charge', 'international plan', 'total eve charge']",0.9310344827586207,0.9047619047619048,0.5876288659793815,0.7125,0.7885512750949539
359,360,"['total night minutes', 'total night charge', 'total intl minutes', 'total night calls', 'customer service calls', 'total eve minutes', 'number vmail messages', 'total intl calls', 'total day minutes', 'total eve charge']",0.9160419790104948,0.8727272727272727,0.4948453608247423,0.631578947368421,0.7412823295351781
360,361,"['total night minutes', 'voice mail plan', 'total day charge', 'total intl calls', 'total night calls', 'international plan', 'customer service calls', 'total eve minutes', 'total day minutes', 'total eve calls']",0.9325337331334332,0.8823529411764706,0.6185567010309279,0.7272727272727273,0.8022608066558148
361,362,"['total eve minutes', 'total night charge', 'account length', 'total eve charge', 'customer service calls', 'total eve calls', 'total intl minutes', 'total day calls', 'voice mail plan', 'total day minutes']",0.9115442278860569,0.8518518518518519,0.4742268041237113,0.609271523178808,0.7300958582022065
362,363,"['international plan', 'total eve calls', 'number vmail messages', 'account length', 'total day calls', 'total intl charge', 'voice mail plan', 'total intl minutes', 'total intl calls', 'total night calls']",0.8920539730134932,0.9629629629629629,0.26804123711340205,0.41935483870967744,0.6331434255742449
363,364,"['total night charge', 'total intl calls', 'total day calls', 'customer service calls', 'number vmail messages', 'total eve calls', 'total day minutes', 'total eve charge', 'total intl minutes', 'total day charge']",0.9220389805097451,0.8947368421052632,0.5257731958762887,0.6623376623376623,0.7576234400434074
364,365,"['total night calls', 'total night charge', 'total night minutes', 'voice mail plan', 'total intl minutes', 'total day calls', 'account length', 'total intl charge', 'total eve calls', 'number vmail messages']",0.8500749625187406,0.2,0.010309278350515464,0.0196078431372549,0.5016458672454331
365,366,"['total intl calls', 'total intl minutes', 'number vmail messages', 'international plan', 'total eve calls', 'total night charge', 'total day charge', 'total night minutes', 'total eve minutes', 'voice mail plan']",0.9220389805097451,0.9245283018867925,0.5051546391752577,0.6533333333333333,0.7490685476578043
366,367,"['number vmail messages', 'international plan', 'total eve calls', 'total day charge', 'total intl calls', 'total eve charge', 'total night minutes', 'total day minutes', 'total night calls', 'total eve minutes']",0.9070464767616192,0.8888888888888888,0.41237113402061853,0.5633802816901409,0.7017996020980285
367,368,"['total night minutes', 'customer service calls', 'total night charge', 'number vmail messages', 'total intl charge', 'total intl minutes', 'total eve minutes', 'international plan', 'total eve calls', 'total day charge']",0.9310344827586207,0.8923076923076924,0.5979381443298969,0.7160493827160493,0.7928287212877554
368,369,"['total eve minutes', 'international plan', 'total day calls', 'total day minutes', 'customer service calls', 'total night minutes', 'total intl calls', 'total intl charge', 'total eve charge', 'voice mail plan']",0.9445277361319341,0.8947368421052632,0.7010309278350515,0.7861271676300579,0.8434979200578766
369,370,"['total intl minutes', 'total eve calls', 'total day calls', 'total night minutes', 'total eve charge', 'total day minutes', 'number vmail messages', 'voice mail plan', 'customer service calls', 'international plan']",0.9250374812593704,0.8852459016393442,0.5567010309278351,0.6835443037974683,0.7722101645867245
370,371,"['total eve calls', 'total eve charge', 'account length', 'total day minutes', 'total night calls', 'total day calls', 'voice mail plan', 'total day charge', 'international plan', 'total night charge']",0.8875562218890555,0.8235294117647058,0.28865979381443296,0.42748091603053434,0.6390667390124796
371,372,"['account length', 'total eve charge', 'number vmail messages', 'total day minutes', 'total intl charge', 'total day calls', 'total night minutes', 'customer service calls', 'total eve calls', 'total intl minutes']",0.904047976011994,0.8113207547169812,0.44329896907216493,0.5733333333333334,0.712877554711521
372,373,"['number vmail messages', 'voice mail plan', 'account length', 'total eve charge', 'total eve calls', 'total intl calls', 'total eve minutes', 'total day calls', 'total intl charge', 'total intl minutes']",0.8500749625187406,0.0,0.0,0.0,0.49736842105263157
373,374,"['total night calls', 'account length', 'total night minutes', 'total night charge', 'total intl minutes', 'total day charge', 'voice mail plan', 'customer service calls', 'number vmail messages', 'total day minutes']",0.8800599700149925,0.639344262295082,0.4020618556701031,0.4936708860759494,0.6817326822210165
374,375,"['total night minutes', 'total day charge', 'international plan', 'total intl charge', 'total intl minutes', 'total night charge', 'total night calls', 'total eve charge', 'total eve minutes', 'total day calls']",0.881559220389805,0.6730769230769231,0.36082474226804123,0.4697986577181208,0.6655000904322663
375,376,"['number vmail messages', 'total day minutes', 'total night calls', 'total intl calls', 'total day calls', 'total eve minutes', 'total intl charge', 'total intl minutes', 'international plan', 'account length']",0.9175412293853074,0.92,0.4742268041237113,0.6258503401360545,0.7336046301320311
376,377,"['total intl charge', 'voice mail plan', 'total intl minutes', 'total night charge', 'account length', 'total eve charge', 'total day calls', 'total night minutes', 'total night calls', 'total eve minutes']",0.8515742128935532,0.0,0.0,0.0,0.4982456140350877
377,378,"['total day charge', 'total night minutes', 'total night calls', 'total night charge', 'account length', 'total eve minutes', 'total day calls', 'total intl charge', 'total day minutes', 'total intl calls']",0.8680659670164917,0.6153846153846154,0.24742268041237114,0.35294117647058826,0.6105534454693435
378,379,"['total intl charge', 'total intl minutes', 'number vmail messages', 'total eve minutes', 'total day charge', 'total day minutes', 'total intl calls', 'total night charge', 'voice mail plan', 'account length']",0.8950524737631185,0.8648648648648649,0.32989690721649484,0.47761194029850745,0.6605624886959667
379,380,"['total intl minutes', 'account length', 'total intl charge', 'total day minutes', 'total eve calls', 'voice mail plan', 'total eve minutes', 'international plan', 'total day calls', 'total day charge']",0.9055472263868066,0.8541666666666666,0.422680412371134,0.5655172413793104,0.705199855308374
380,381,"['voice mail plan', 'total eve calls', 'total intl minutes', 'international plan', 'total day calls', 'total day minutes', 'number vmail messages', 'total night charge', 'total eve charge', 'account length']",0.9055472263868066,0.8863636363636364,0.4020618556701031,0.5531914893617021,0.6966449629227708
381,382,"['total eve minutes', 'international plan', 'account length', 'total night minutes', 'total day calls', 'total intl charge', 'voice mail plan', 'total eve calls', 'customer service calls', 'number vmail messages']",0.8710644677661169,0.6222222222222222,0.28865979381443296,0.39436619718309857,0.6294176162054621
382,383,"['voice mail plan', 'account length', 'total intl charge', 'total intl calls', 'customer service calls', 'total eve minutes', 'total eve charge', 'international plan', 'total night calls', 'total day calls']",0.8980509745127436,0.7735849056603774,0.422680412371134,0.5466666666666666,0.7008138903960933
383,384,"['total intl calls', 'total eve minutes', 'customer service calls', 'total day minutes', 'voice mail plan', 'account length', 'total eve calls', 'total day charge', 'total eve charge', 'total night calls']",0.9115442278860569,0.796875,0.5257731958762887,0.6335403726708074,0.7514830891662144
384,385,"['total eve minutes', 'total night charge', 'total eve charge', 'account length', 'voice mail plan', 'total day calls', 'total day charge', 'total night calls', 'total day minutes', 'total night minutes']",0.8920539730134932,0.8378378378378378,0.31958762886597936,0.4626865671641791,0.6545306565382528
385,386,"['total day calls', 'total day minutes', 'total eve minutes', 'account length', 'total night minutes', 'total intl minutes', 'voice mail plan', 'customer service calls', 'total day charge', 'total intl calls']",0.9190404797601199,0.8909090909090909,0.5051546391752577,0.6447368421052632,0.747314161692892
386,387,"['total night calls', 'total intl charge', 'total intl calls', 'total day calls', 'total intl minutes', 'voice mail plan', 'total eve calls', 'total day minutes', 'total day charge', 'account length']",0.8650674662668666,0.6060606060606061,0.20618556701030927,0.3076923076923077,0.5916892747332247
387,388,"['total intl calls', 'total eve calls', 'voice mail plan', 'customer service calls', 'total day calls', 'total eve minutes', 'total intl charge', 'total intl minutes', 'total day minutes', 'total night minutes']",0.904047976011994,0.8367346938775511,0.422680412371134,0.5616438356164384,0.7043226623259178
388,389,"['total intl charge', 'total night charge', 'total day minutes', 'number vmail messages', 'total day charge', 'total eve calls', 'total intl calls', 'total day calls', 'account length', 'total eve charge']",0.896551724137931,0.85,0.35051546391752575,0.49635036496350365,0.6699945740640261
389,390,"['number vmail messages', 'total night minutes', 'total day charge', 'voice mail plan', 'international plan', 'customer service calls', 'total intl calls', 'total day minutes', 'account length', 'total eve minutes']",0.9295352323838081,0.8787878787878788,0.5979381443298969,0.7116564417177914,0.7919515283052994
390,391,"['voice mail plan', 'total day minutes', 'total intl calls', 'customer service calls', 'total day charge', 'account length', 'total eve charge', 'total eve minutes', 'total night calls', 'total intl minutes']",0.9130434782608695,0.8095238095238095,0.5257731958762887,0.6375,0.7523602821486707
391,392,"['total night calls', 'total intl charge', 'total day minutes', 'total night minutes', 'total intl calls', 'total day calls', 'total eve minutes', 'total night charge', 'voice mail plan', 'account length']",0.8785607196401799,0.8076923076923077,0.21649484536082475,0.34146341463414637,0.6038614577681317
392,393,"['account length', 'voice mail plan', 'total night minutes', 'total eve charge', 'total eve calls', 'total day calls', 'total intl charge', 'total intl calls', 'total eve minutes', 'total day charge']",0.8950524737631185,0.9090909090909091,0.30927835051546393,0.46153846153846156,0.6520075963103635
393,394,"['total day charge', 'voice mail plan', 'international plan', 'total night minutes', 'total eve charge', 'total day minutes', 'total eve calls', 'account length', 'total intl calls', 'customer service calls']",0.9265367316341829,0.875,0.5773195876288659,0.6956521739130435,0.7816422499547838
394,395,"['international plan', 'total eve calls', 'account length', 'total eve charge', 'total intl calls', 'total intl charge', 'total day calls', 'customer service calls', 'total eve minutes', 'total night calls']",0.8920539730134932,0.7450980392156863,0.3917525773195876,0.5135135135135135,0.6844727798878639
395,396,"['total intl charge', 'total night minutes', 'total intl calls', 'total eve charge', 'number vmail messages', 'voice mail plan', 'total eve minutes', 'total day minutes', 'international plan', 'total day calls']",0.9205397301349325,0.9074074074074074,0.5051546391752577,0.6490066225165563,0.7481913546753481
396,397,"['international plan', 'total eve calls', 'total night calls', 'total eve charge', 'number vmail messages', 'total intl charge', 'total intl minutes', 'total eve minutes', 'total day charge', 'total day calls']",0.9100449775112444,0.9111111111111111,0.422680412371134,0.5774647887323944,0.7078314342557425
397,398,"['total night charge', 'total eve charge', 'total night calls', 'voice mail plan', 'total intl minutes', 'number vmail messages', 'account length', 'total day charge', 'total eve minutes', 'total intl charge']",0.8920539730134932,0.8787878787878788,0.29896907216494845,0.4461538461538462,0.6459757641526497
398,399,"['total day minutes', 'total eve calls', 'total day charge', 'customer service calls', 'international plan', 'account length', 'total intl minutes', 'total night calls', 'number vmail messages', 'voice mail plan']",0.8980509745127436,0.7377049180327869,0.4639175257731959,0.569620253164557,0.7179236751672997
399,400,"['total intl calls', 'total intl charge', 'total eve charge', 'total night calls', 'total day charge', 'total day minutes', 'total eve calls', 'total intl minutes', 'total night minutes', 'account length']",0.8710644677661169,0.627906976744186,0.27835051546391754,0.38571428571428573,0.6251401700126605
400,401,"['total intl charge', 'account length', 'total night calls', 'international plan', 'total eve charge', 'total day minutes', 'total eve minutes', 'total intl calls', 'total night minutes', 'customer service calls']",0.9235382308845578,0.7875,0.6494845360824743,0.711864406779661,0.8098299873394827
401,402,"['international plan', 'account length', 'total day minutes', 'total day calls', 'total intl calls', 'total night minutes', 'total night calls', 'total intl charge', 'total eve calls', 'total day charge']",0.8860569715142429,0.6779661016949152,0.41237113402061853,0.5128205128205128,0.6895189003436425
402,403,"['total eve calls', 'total day minutes', 'account length', 'customer service calls', 'number vmail messages', 'total day charge', 'total night calls', 'total eve minutes', 'voice mail plan', 'international plan']",0.904047976011994,0.7894736842105263,0.4639175257731959,0.5844155844155844,0.7214324470971244
403,404,"['total night charge', 'total eve charge', 'international plan', 'customer service calls', 'total night calls', 'total day minutes', 'total eve calls', 'total intl charge', 'total day charge', 'total intl minutes']",0.9070464767616192,0.7464788732394366,0.5463917525773195,0.6309523809523809,0.7574064026044491
404,405,"['total day calls', 'customer service calls', 'international plan', 'number vmail messages', 'total day charge', 'total eve charge', 'account length', 'total intl calls', 'total eve calls', 'total eve minutes']",0.9235382308845578,0.8709677419354839,0.5567010309278351,0.6792452830188679,0.7713329716042684
405,406,"['total night calls', 'total intl calls', 'total eve minutes', 'voice mail plan', 'number vmail messages', 'international plan', 'total night charge', 'total day minutes', 'total intl minutes', 'total eve calls']",0.9220389805097451,0.9245283018867925,0.5051546391752577,0.6533333333333333,0.7490685476578043
406,407,"['total day charge', 'total eve calls', 'international plan', 'total eve charge', 'total night minutes', 'total day calls', 'total eve minutes', 'total day minutes', 'total intl charge', 'total night charge']",0.8860569715142429,0.6842105263157895,0.4020618556701031,0.5064935064935064,0.685241454150841
407,408,"['total intl minutes', 'voice mail plan', 'total eve minutes', 'total intl charge', 'total night charge', 'international plan', 'account length', 'total night calls', 'total night minutes', 'total eve calls']",0.8710644677661169,0.7894736842105263,0.15463917525773196,0.25862068965517243,0.5738108156990414
408,409,"['voice mail plan', 'customer service calls', 'total eve calls', 'total intl calls', 'total intl minutes', 'total eve minutes', 'total day minutes', 'total night calls', 'total eve charge', 'account length']",0.9070464767616192,0.8431372549019608,0.44329896907216493,0.581081081081081,0.7146319406764333
409,410,"['total night calls', 'total night charge', 'total intl charge', 'customer service calls', 'total intl minutes', 'total intl calls', 'total day minutes', 'total eve minutes', 'voice mail plan', 'total eve calls']",0.9175412293853074,0.875,0.5051546391752577,0.6405228758169934,0.7464369687104359
410,411,"['total intl charge', 'total eve minutes', 'total night charge', 'total eve charge', 'total intl calls', 'total day calls', 'total day charge', 'account length', 'total day minutes', 'number vmail messages']",0.8980509745127436,0.8918918918918919,0.3402061855670103,0.4925373134328358,0.6665943208536806
411,412,"['total intl calls', 'total night charge', 'total eve charge', 'voice mail plan', 'account length', 'total eve calls', 'total eve minutes', 'total day charge', 'total day minutes', 'total night calls']",0.8905547226386806,0.7727272727272727,0.35051546391752575,0.48226950354609927,0.6664858021342015
412,413,"['total eve charge', 'number vmail messages', 'account length', 'total intl minutes', 'total eve calls', 'total night minutes', 'total day charge', 'international plan', 'total day minutes', 'voice mail plan']",0.9100449775112444,0.9302325581395349,0.41237113402061853,0.5714285714285714,0.7035539880629408
413,414,"['total intl minutes', 'total intl charge', 'international plan', 'voice mail plan', 'customer service calls', 'total eve minutes', 'number vmail messages', 'total intl calls', 'total night charge', 'total eve calls']",0.896551724137931,0.78,0.4020618556701031,0.5306122448979592,0.6913818050280339
414,415,"['total eve minutes', 'total night charge', 'account length', 'total night minutes', 'customer service calls', 'total eve charge', 'total eve calls', 'total intl minutes', 'voice mail plan', 'total intl charge']",0.8575712143928036,0.5416666666666666,0.13402061855670103,0.21487603305785125,0.557361186471333
415,416,"['total eve minutes', 'total day calls', 'voice mail plan', 'total eve calls', 'total day charge', 'total day minutes', 'total intl minutes', 'customer service calls', 'total intl charge', 'international plan']",0.9265367316341829,0.875,0.5773195876288659,0.6956521739130435,0.7816422499547838
416,417,"['number vmail messages', 'total intl minutes', 'total night charge', 'total day calls', 'international plan', 'total eve minutes', 'account length', 'customer service calls', 'voice mail plan', 'total night calls']",0.8785607196401799,0.6818181818181818,0.30927835051546393,0.425531914893617,0.642358473503346
417,418,"['number vmail messages', 'total eve minutes', 'account length', 'international plan', 'total day calls', 'total eve calls', 'voice mail plan', 'total night charge', 'total night calls', 'total intl charge']",0.8740629685157422,0.8823529411764706,0.15463917525773196,0.2631578947368421,0.5755652016639536
418,419,"['total eve calls', 'total day minutes', 'account length', 'total night minutes', 'total intl minutes', 'number vmail messages', 'international plan', 'total day charge', 'total eve charge', 'total eve minutes']",0.9130434782608695,0.9148936170212766,0.44329896907216493,0.5972222222222222,0.7181407126062579
419,420,"['number vmail messages', 'total intl minutes', 'total night minutes', 'account length', 'international plan', 'total day calls', 'total intl charge', 'total eve charge', 'total intl calls', 'total night calls']",0.8920539730134932,0.9629629629629629,0.26804123711340205,0.41935483870967744,0.6331434255742449
420,421,"['total day calls', 'voice mail plan', 'total day charge', 'total intl charge', 'total night charge', 'number vmail messages', 'international plan', 'total eve calls', 'total intl minutes', 'total intl calls']",0.8995502248875562,0.7884615384615384,0.422680412371134,0.5503355704697986,0.7016910833785496
421,422,"['total night calls', 'customer service calls', 'total eve charge', 'total eve minutes', 'total night charge', 'international plan', 'account length', 'voice mail plan', 'total day minutes', 'total day calls']",0.9160419790104948,0.8727272727272727,0.4948453608247423,0.631578947368421,0.7412823295351781
422,423,"['total day calls', 'total day charge', 'total night minutes', 'total night charge', 'total day minutes', 'total eve charge', 'voice mail plan', 'customer service calls', 'international plan', 'total intl charge']",0.9280359820089955,0.8888888888888888,0.5773195876288659,0.7,0.78251944293724
423,424,"['account length', 'total day calls', 'number vmail messages', 'total night minutes', 'total day minutes', 'total intl minutes', 'total eve minutes', 'voice mail plan', 'total night charge', 'total eve calls']",0.8875562218890555,0.84375,0.27835051546391754,0.4186046511627907,0.634789292819678
424,425,"['customer service calls', 'total day minutes', 'total intl calls', 'number vmail messages', 'international plan', 'total intl charge', 'total intl minutes', 'total eve charge', 'total day calls', 'total day charge']",0.9355322338830585,0.8552631578947368,0.6701030927835051,0.7514450867052023,0.825402423584735
425,426,"['total intl calls', 'total night charge', 'total day calls', 'total eve minutes', 'total intl minutes', 'total eve calls', 'total day charge', 'international plan', 'total intl charge', 'total eve charge']",0.8980509745127436,0.7543859649122807,0.44329896907216493,0.5584415584415584,0.7093687827816965
426,427,"['total intl calls', 'total eve charge', 'number vmail messages', 'total eve calls', 'account length', 'total intl minutes', 'international plan', 'total day minutes', 'total day calls', 'total night minutes']",0.9130434782608695,0.9148936170212766,0.44329896907216493,0.5972222222222222,0.7181407126062579
427,428,"['total eve charge', 'total day calls', 'total night calls', 'number vmail messages', 'total eve minutes', 'voice mail plan', 'total eve calls', 'total day minutes', 'account length', 'total intl calls']",0.8830584707646177,0.7317073170731707,0.30927835051546393,0.43478260869565216,0.6449900524507144
428,429,"['total night minutes', 'customer service calls', 'total intl minutes', 'total night calls', 'total night charge', 'account length', 'total intl charge', 'total day minutes', 'total eve calls', 'total day calls']",0.8770614692653673,0.631578947368421,0.3711340206185567,0.4675324675324675,0.6671459576776994
429,430,"['total intl calls', 'total night calls', 'voice mail plan', 'total night charge', 'total eve minutes', 'total intl charge', 'total eve charge', 'total night minutes', 'international plan', 'total eve calls']",0.8935532233883059,1.0,0.26804123711340205,0.42276422764227645,0.634020618556701
430,431,"['total intl charge', 'total eve calls', 'total eve charge', 'number vmail messages', 'total intl calls', 'total night calls', 'account length', 'total intl minutes', 'total day minutes', 'total day charge']",0.8860569715142429,0.7560975609756098,0.31958762886597936,0.4492753623188406,0.6510218846084282
431,432,"['total day charge', 'total night minutes', 'customer service calls', 'total day calls', 'total intl charge', 'total day minutes', 'total eve charge', 'total eve minutes', 'total night calls', 'international plan']",0.9190404797601199,0.7792207792207793,0.6185567010309279,0.6896551724137931,0.7943660698137095
432,433,"['total day minutes', 'total night minutes', 'total day charge', 'total night calls', 'customer service calls', 'total intl minutes', 'number vmail messages', 'total eve minutes', 'international plan', 'total night charge']",0.9295352323838081,0.890625,0.5876288659793815,0.7080745341614907,0.7876740821124978
433,434,"['total night calls', 'voice mail plan', 'total intl charge', 'account length', 'total intl minutes', 'total eve minutes', 'international plan', 'number vmail messages', 'total night charge', 'total intl calls']",0.8935532233883059,1.0,0.26804123711340205,0.42276422764227645,0.634020618556701
434,435,"['international plan', 'total day calls', 'total day minutes', 'total night minutes', 'total night calls', 'voice mail plan', 'total day charge', 'total intl minutes', 'account length', 'total intl charge']",0.8830584707646177,0.7111111111111111,0.32989690721649484,0.4507042253521127,0.6535449448363175
435,436,"['total night calls', 'total day charge', 'customer service calls', 'total night charge', 'account length', 'total day calls', 'voice mail plan', 'total eve minutes', 'total eve calls', 'total night minutes']",0.9100449775112444,0.8627450980392157,0.4536082474226804,0.5945945945945946,0.7206637728341472
436,437,"['total eve calls', 'total day calls', 'total intl minutes', 'customer service calls', 'total day charge', 'international plan', 'total night calls', 'account length', 'total night minutes', 'total intl charge']",0.8800599700149925,0.6268656716417911,0.4329896907216495,0.5121951219512195,0.6945650207994213
437,438,"['total eve minutes', 'total night minutes', 'account length', 'total night calls', 'total day calls', 'number vmail messages', 'international plan', 'total intl minutes', 'total eve calls', 'total intl calls']",0.8935532233883059,1.0,0.26804123711340205,0.42276422764227645,0.634020618556701
438,439,"['account length', 'number vmail messages', 'total day minutes', 'total intl charge', 'total night minutes', 'total eve minutes', 'customer service calls', 'voice mail plan', 'total day calls', 'total intl calls']",0.9100449775112444,0.8490566037735849,0.4639175257731959,0.6,0.7249412190269489
439,440,"['total intl calls', 'total intl minutes', 'international plan', 'customer service calls', 'total night charge', 'total eve charge', 'account length', 'total day charge', 'number vmail messages', 'total eve calls']",0.9385307346326837,0.9,0.6494845360824743,0.7544910179640718,0.8186019171640441
440,441,"['total day minutes', 'total night calls', 'total intl calls', 'total night minutes', 'total eve charge', 'total intl charge', 'international plan', 'total night charge', 'total eve minutes', 'customer service calls']",0.9220389805097451,0.7710843373493976,0.6597938144329897,0.7111111111111111,0.8132302405498281
441,442,"['total intl minutes', 'voice mail plan', 'account length', 'total intl calls', 'total day minutes', 'total intl charge', 'total night calls', 'total eve minutes', 'total day calls', 'total eve calls']",0.881559220389805,0.8,0.24742268041237114,0.3779527559055118,0.6184481823114487
442,443,"['total day charge', 'total intl calls', 'account length', 'number vmail messages', 'total intl charge', 'total night charge', 'total eve calls', 'total day minutes', 'total day calls', 'total night calls']",0.8665667166416792,0.6176470588235294,0.21649484536082475,0.32061068702290074,0.5968439139084826
443,444,"['international plan', 'total eve charge', 'total intl calls', 'total night charge', 'total night calls', 'total intl charge', 'account length', 'total day minutes', 'total eve calls', 'customer service calls']",0.9145427286356822,0.75,0.6185567010309279,0.6779661016949152,0.7917344908663412
444,445,"['total night calls', 'total day minutes', 'number vmail messages', 'total intl charge', 'international plan', 'total eve calls', 'voice mail plan', 'customer service calls', 'total eve charge', 'total intl calls']",0.9295352323838081,0.8571428571428571,0.6185567010309279,0.718562874251497,0.8005064206909024
445,446,"['total night charge', 'total intl minutes', 'total eve minutes', 'international plan', 'total intl calls', 'total eve charge', 'total day calls', 'total day charge', 'customer service calls', 'total night calls']",0.9190404797601199,0.7654320987654321,0.6391752577319587,0.6966292134831461,0.8029209621993126
446,447,"['account length', 'total intl minutes', 'total eve calls', 'total day minutes', 'voice mail plan', 'total eve charge', 'total intl calls', 'total night charge', 'total night minutes', 'total day calls']",0.8875562218890555,0.8928571428571429,0.25773195876288657,0.4,0.6262344004340749
447,448,"['total night minutes', 'total intl charge', 'total day charge', 'account length', 'number vmail messages', 'total day calls', 'total day minutes', 'total night calls', 'total eve charge', 'customer service calls']",0.9070464767616192,0.8181818181818182,0.4639175257731959,0.5921052631578947,0.7231868330620366
448,449,"['total eve charge', 'voice mail plan', 'number vmail messages', 'total night minutes', 'account length', 'total eve minutes', 'total night charge', 'total day minutes', 'total day charge', 'total day calls']",0.8920539730134932,0.8048780487804879,0.3402061855670103,0.4782608695652174,0.6630855489238561
449,450,"['total night minutes', 'total day charge', 'total intl charge', 'total night calls', 'customer service calls', 'total night charge', 'voice mail plan', 'total day calls', 'total eve charge', 'total intl calls']",0.9085457271364318,0.875,0.4329896907216495,0.5793103448275863,0.7112316874660878
450,451,"['voice mail plan', 'total eve calls', 'total night calls', 'total night minutes', 'total intl calls', 'account length', 'total eve minutes', 'total day calls', 'total night charge', 'total intl minutes']",0.8515742128935532,0.0,0.0,0.0,0.4982456140350877
451,452,"['total day charge', 'total day calls', 'total night minutes', 'total night charge', 'number vmail messages', 'customer service calls', 'account length', 'international plan', 'total night calls', 'total eve charge']",0.9070464767616192,0.8723404255319149,0.422680412371134,0.5694444444444444,0.7060770482908302
452,453,"['voice mail plan', 'total intl calls', 'total intl minutes', 'total day minutes', 'number vmail messages', 'total eve minutes', 'total eve calls', 'total eve charge', 'total night calls', 'total intl charge']",0.8950524737631185,0.8461538461538461,0.3402061855670103,0.4852941176470588,0.6648399348887684
453,454,"['total day minutes', 'voice mail plan', 'total intl calls', 'total night charge', 'total eve minutes', 'total intl charge', 'international plan', 'total intl minutes', 'total day calls', 'number vmail messages']",0.9190404797601199,0.9056603773584906,0.4948453608247423,0.64,0.7430367155000904
454,455,"['total intl minutes', 'total eve calls', 'number vmail messages', 'total intl calls', 'total night calls', 'total eve minutes', 'voice mail plan', 'total day calls', 'customer service calls', 'international plan']",0.889055472263868,0.7254901960784313,0.38144329896907214,0.5,0.6784409477301502
455,456,"['customer service calls', 'total day minutes', 'total night minutes', 'total eve calls', 'total night calls', 'number vmail messages', 'account length', 'total intl minutes', 'total night charge', 'total day calls']",0.8785607196401799,0.6538461538461539,0.35051546391752575,0.4563758389261745,0.6594682582745524
456,457,"['total day charge', 'total intl charge', 'total day minutes', 'international plan', 'account length', 'total night charge', 'number vmail messages', 'total intl calls', 'total day calls', 'customer service calls']",0.9115442278860569,0.7714285714285715,0.5567010309278351,0.6467065868263473,0.7643154277446194
457,458,"['total eve minutes', 'total night calls', 'total night charge', 'international plan', 'account length', 'total night minutes', 'total day minutes', 'total eve charge', 'number vmail messages', 'total intl minutes']",0.9070464767616192,0.9487179487179487,0.38144329896907214,0.5441176470588235,0.6889672635196238
458,459,"['total intl minutes', 'total day minutes', 'customer service calls', 'number vmail messages', 'total night charge', 'total night minutes', 'voice mail plan', 'total night calls', 'total eve minutes', 'total eve calls']",0.9190404797601199,0.864406779661017,0.5257731958762887,0.6538461538461539,0.7558690540784951
459,460,"['total intl minutes', 'international plan', 'total eve calls', 'total eve minutes', 'total intl charge', 'total day charge', 'total night calls', 'total eve charge', 'total night minutes', 'voice mail plan']",0.9085457271364318,0.8913043478260869,0.422680412371134,0.5734265734265734,0.7069542412732863
460,461,"['total intl calls', 'international plan', 'total day calls', 'customer service calls', 'total day minutes', 'total night charge', 'total day charge', 'voice mail plan', 'total eve calls', 'total intl minutes']",0.9100449775112444,0.7605633802816901,0.5567010309278351,0.6428571428571429,0.7634382347621631
461,462,"['total intl charge', 'total night calls', 'total day calls', 'total eve calls', 'total intl calls', 'total eve minutes', 'account length', 'total day minutes', 'total night minutes', 'total eve charge']",0.8710644677661169,0.6341463414634146,0.26804123711340205,0.37681159420289856,0.620862723819859
462,463,"['total day charge', 'total intl charge', 'total night calls', 'total eve minutes', 'customer service calls', 'total intl calls', 'total night charge', 'total night minutes', 'international plan', 'voice mail plan']",0.9370314842578711,0.8985507246376812,0.6391752577319587,0.7469879518072289,0.8134472779887864
463,464,"['total eve minutes', 'total day calls', 'voice mail plan', 'total night charge', 'total intl minutes', 'customer service calls', 'international plan', 'total intl calls', 'total day minutes', 'total eve calls']",0.9460269865067467,0.9066666666666666,0.7010309278350515,0.7906976744186046,0.8443751130403327
464,465,"['total night minutes', 'total day minutes', 'total day calls', 'number vmail messages', 'customer service calls', 'total night calls', 'total eve minutes', 'total eve calls', 'account length', 'international plan']",0.896551724137931,0.7916666666666666,0.3917525773195876,0.5241379310344828,0.6871043588352324
465,466,"['total day minutes', 'voice mail plan', 'total intl calls', 'total intl minutes', 'total night calls', 'customer service calls', 'total eve minutes', 'international plan', 'total eve charge', 'total intl charge']",0.9415292353823088,0.9027777777777778,0.6701030927835051,0.7692307692307693,0.8289111955145595
466,467,"['total day charge', 'total night charge', 'number vmail messages', 'total day minutes', 'international plan', 'total night calls', 'total day calls', 'total night minutes', 'total intl charge', 'total eve calls']",0.8830584707646177,0.7317073170731707,0.30927835051546393,0.43478260869565216,0.6449900524507144
467,468,"['total night calls', 'total night minutes', 'total eve minutes', 'customer service calls', 'total day minutes', 'total intl minutes', 'total intl charge', 'voice mail plan', 'account length', 'total eve charge']",0.9190404797601199,0.8909090909090909,0.5051546391752577,0.6447368421052632,0.747314161692892
468,469,"['total intl charge', 'voice mail plan', 'customer service calls', 'number vmail messages', 'total day charge', 'international plan', 'total eve charge', 'total day minutes', 'total night calls', 'total night minutes']",0.9310344827586207,0.8805970149253731,0.6082474226804123,0.7195121951219512,0.7971061674805571
469,470,"['voice mail plan', 'total day calls', 'total intl charge', 'total intl minutes', 'total day charge', 'total night minutes', 'total night calls', 'customer service calls', 'total night charge', 'total eve charge']",0.9115442278860569,0.8518518518518519,0.4742268041237113,0.609271523178808,0.7300958582022065
470,471,"['total eve minutes', 'customer service calls', 'total day calls', 'voice mail plan', 'total night calls', 'total intl calls', 'total day charge', 'total intl minutes', 'total night minutes', 'total eve calls']",0.9100449775112444,0.8775510204081632,0.44329896907216493,0.589041095890411,0.7163863266413456
471,472,"['total eve charge', 'total intl charge', 'total intl minutes', 'total intl calls', 'total day calls', 'total eve minutes', 'account length', 'international plan', 'number vmail messages', 'voice mail plan']",0.8905547226386806,0.9285714285714286,0.26804123711340205,0.416,0.6322662325917887
472,473,"['number vmail messages', 'total day minutes', 'total intl charge', 'total day calls', 'total intl minutes', 'total eve calls', 'total night charge', 'total day charge', 'total eve minutes', 'total night minutes']",0.8875562218890555,0.8055555555555556,0.29896907216494845,0.43609022556390975,0.6433441852052812
473,474,"['total intl minutes', 'voice mail plan', 'total night minutes', 'international plan', 'total eve charge', 'total night calls', 'account length', 'total eve calls', 'total night charge', 'customer service calls']",0.8800599700149925,0.7297297297297297,0.27835051546391754,0.40298507462686567,0.6304033279073973
474,475,"['total eve calls', 'total intl calls', 'customer service calls', 'total day minutes', 'international plan', 'voice mail plan', 'total night minutes', 'account length', 'total intl minutes', 'number vmail messages']",0.9100449775112444,0.7605633802816901,0.5567010309278351,0.6428571428571429,0.7634382347621631
475,476,"['total day minutes', 'total night calls', 'total intl calls', 'total day charge', 'customer service calls', 'total eve minutes', 'total intl charge', 'total day calls', 'international plan', 'total night minutes']",0.9220389805097451,0.7710843373493976,0.6597938144329897,0.7111111111111111,0.8132302405498281
476,477,"['total day calls', 'total night minutes', 'total eve calls', 'voice mail plan', 'customer service calls', 'total day charge', 'total intl charge', 'total intl calls', 'number vmail messages', 'total day minutes']",0.8845577211394303,0.6851851851851852,0.38144329896907214,0.4900662251655629,0.6758093687827816
477,478,"['total day minutes', 'total day calls', 'account length', 'total eve calls', 'total eve charge', 'total eve minutes', 'total intl charge', 'total intl calls', 'total day charge', 'voice mail plan']",0.8935532233883059,0.825,0.3402061855670103,0.48175182481751827,0.6639627419063121
478,479,"['total intl charge', 'total eve calls', 'account length', 'total eve charge', 'total night minutes', 'total eve minutes', 'total day charge', 'voice mail plan', 'total day minutes', 'total intl minutes']",0.8980509745127436,0.8918918918918919,0.3402061855670103,0.4925373134328358,0.6665943208536806
479,480,"['international plan', 'total day calls', 'number vmail messages', 'total night calls', 'account length', 'total eve minutes', 'total eve calls', 'total intl calls', 'total night charge', 'total eve charge']",0.8770614692653673,1.0,0.15463917525773196,0.26785714285714285,0.5773195876288659
480,481,"['total intl charge', 'total intl calls', 'total day charge', 'number vmail messages', 'total night minutes', 'voice mail plan', 'total night calls', 'international plan', 'total night charge', 'customer service calls']",0.9085457271364318,0.75,0.5567010309278351,0.6390532544378699,0.7625610417797071
481,482,"['total day calls', 'total intl calls', 'total day minutes', 'total eve minutes', 'total intl charge', 'total day charge', 'number vmail messages', 'total night minutes', 'total night charge', 'voice mail plan']",0.8980509745127436,0.8918918918918919,0.3402061855670103,0.4925373134328358,0.6665943208536806
482,483,"['total eve calls', 'customer service calls', 'total night minutes', 'total day charge', 'total eve minutes', 'total intl minutes', 'total intl calls', 'total day calls', 'total night charge', 'total eve charge']",0.8935532233883059,0.7241379310344828,0.4329896907216495,0.5419354838709678,0.7024597576415266
483,484,"['voice mail plan', 'total day calls', 'account length', 'total day charge', 'total intl calls', 'total intl charge', 'total intl minutes', 'total night charge', 'customer service calls', 'number vmail messages']",0.8830584707646177,0.6862745098039216,0.36082474226804123,0.47297297297297297,0.6663772834147224
484,485,"['total night calls', 'voice mail plan', 'total eve calls', 'total night minutes', 'total night charge', 'account length', 'total eve charge', 'total eve minutes', 'number vmail messages', 'total day charge']",0.8935532233883059,0.825,0.3402061855670103,0.48175182481751827,0.6639627419063121
485,486,"['total night charge', 'total day minutes', 'total intl calls', 'number vmail messages', 'total eve minutes', 'total eve calls', 'total night minutes', 'international plan', 'voice mail plan', 'account length']",0.8980509745127436,0.8918918918918919,0.3402061855670103,0.4925373134328358,0.6665943208536806
486,487,"['voice mail plan', 'total night charge', 'total eve charge', 'total intl charge', 'customer service calls', 'total intl calls', 'total night minutes', 'number vmail messages', 'total night calls', 'international plan']",0.8995502248875562,0.8125,0.4020618556701031,0.5379310344827586,0.6931361909929462
487,488,"['total night minutes', 'total eve minutes', 'total day calls', 'voice mail plan', 'total day minutes', 'total intl charge', 'account length', 'international plan', 'total day charge', 'total intl calls']",0.9175412293853074,0.9038461538461539,0.4845360824742268,0.6308724832214765,0.7378820763248327
488,489,"['total night charge', 'total eve minutes', 'total eve charge', 'total day calls', 'total day charge', 'total night calls', 'total night minutes', 'total eve calls', 'voice mail plan', 'number vmail messages']",0.8935532233883059,0.8421052631578947,0.32989690721649484,0.4740740740740741,0.6596852957135105
489,490,"['total intl charge', 'customer service calls', 'total eve calls', 'total intl calls', 'total day calls', 'total night minutes', 'international plan', 'voice mail plan', 'account length', 'number vmail messages']",0.889055472263868,0.7090909090909091,0.4020618556701031,0.5131578947368421,0.6869958401157533
490,491,"['total day calls', 'customer service calls', 'total intl charge', 'total intl minutes', 'account length', 'total intl calls', 'total day charge', 'total night minutes', 'total night calls', 'total day minutes']",0.8680659670164917,0.5714285714285714,0.3711340206185567,0.45,0.6618827997829626
491,492,"['account length', 'total intl minutes', 'total intl calls', 'total night calls', 'number vmail messages', 'total day charge', 'total intl charge', 'total night charge', 'customer service calls', 'total night minutes']",0.881559220389805,0.6666666666666666,0.3711340206185567,0.4768211920529801,0.6697775366250678
492,493,"['customer service calls', 'total intl minutes', 'voice mail plan', 'account length', 'total eve calls', 'total intl calls', 'total night minutes', 'number vmail messages', 'total eve minutes', 'total eve charge']",0.8545727136431784,0.5,0.14432989690721648,0.224,0.5598842466992223
493,494,"['account length', 'total intl minutes', 'total day calls', 'total intl calls', 'voice mail plan', 'customer service calls', 'total night calls', 'total day charge', 'total eve minutes', 'international plan']",0.9295352323838081,0.8676470588235294,0.6082474226804123,0.7151515151515152,0.7962289744981009
494,495,"['international plan', 'total night charge', 'voice mail plan', 'total intl minutes', 'total intl calls', 'total eve calls', 'total eve minutes', 'total night calls', 'total day charge', 'total intl charge']",0.9190404797601199,0.9387755102040817,0.4742268041237113,0.6301369863013698,0.7344818231144873
495,496,"['voice mail plan', 'total day calls', 'account length', 'total intl calls', 'total eve charge', 'international plan', 'total intl minutes', 'total night calls', 'total eve calls', 'total day minutes']",0.9145427286356822,0.9,0.4639175257731959,0.6122448979591837,0.7275727979743173
496,497,"['total night charge', 'account length', 'total day charge', 'total eve charge', 'customer service calls', 'total night minutes', 'total intl charge', 'international plan', 'total intl calls', 'voice mail plan']",0.9355322338830585,0.8970588235294118,0.6288659793814433,0.7393939393939394,0.8082926388135286
497,498,"['total intl calls', 'total eve minutes', 'total night calls', 'international plan', 'voice mail plan', 'total night charge', 'total eve calls', 'total day charge', 'account length', 'total day minutes']",0.9055472263868066,0.9473684210526315,0.3711340206185567,0.5333333333333333,0.6838126243443661
498,499,"['total intl minutes', 'total eve calls', 'total eve charge', 'account length', 'total eve minutes', 'international plan', 'total day charge', 'number vmail messages', 'total night minutes', 'total night calls']",0.9100449775112444,0.9302325581395349,0.41237113402061853,0.5714285714285714,0.7035539880629408
499,500,"['total eve minutes', 'total eve charge', 'total night calls', 'total day calls', 'total intl charge', 'account length', 'total night minutes', 'total day charge', 'total night charge', 'total intl minutes']",0.8650674662668666,0.5853658536585366,0.24742268041237114,0.34782608695652173,0.6087990595044311
500,501,"['total day calls', 'customer service calls', 'voice mail plan', 'total night minutes', 'total day charge', 'total eve minutes', 'account length', 'total eve calls', 'total intl charge', 'total day minutes']",0.9100449775112444,0.8245614035087719,0.4845360824742268,0.6103896103896104,0.733496111412552
501,502,"['international plan', 'total eve calls', 'total day minutes', 'total eve minutes', 'customer service calls', 'total night minutes', 'number vmail messages', 'total night calls', 'total night charge', 'total intl charge']",0.9280359820089955,0.9016393442622951,0.5670103092783505,0.6962025316455697,0.7782419967444384
502,503,"['total day minutes', 'total night minutes', 'total eve calls', 'total day calls', 'total eve charge', 'number vmail messages', 'total intl charge', 'total night calls', 'total night charge', 'customer service calls']",0.9100449775112444,0.8627450980392157,0.4536082474226804,0.5945945945945946,0.7206637728341472
503,504,"['customer service calls', 'total day minutes', 'total eve minutes', 'total intl charge', 'total day charge', 'total eve calls', 'international plan', 'total eve charge', 'account length', 'total day calls']",0.9115442278860569,0.7317073170731707,0.6185567010309279,0.6703910614525139,0.7899801049014289
504,505,"['total eve minutes', 'voice mail plan', 'total intl charge', 'international plan', 'account length', 'total eve calls', 'total night minutes', 'total intl minutes', 'total night charge', 'customer service calls']",0.8830584707646177,0.7317073170731707,0.30927835051546393,0.43478260869565216,0.6449900524507144
505,506,"['total eve minutes', 'total intl charge', 'total eve calls', 'total day calls', 'total day charge', 'account length', 'total eve charge', 'total day minutes', 'voice mail plan', 'total night minutes']",0.8920539730134932,0.8378378378378378,0.31958762886597936,0.4626865671641791,0.6545306565382528
506,507,"['total night calls', 'customer service calls', 'account length', 'total night minutes', 'total night charge', 'total eve minutes', 'number vmail messages', 'voice mail plan', 'total day calls', 'total intl charge']",0.8545727136431784,0.5,0.14432989690721648,0.224,0.5598842466992223
507,508,"['voice mail plan', 'total night minutes', 'total eve minutes', 'total intl charge', 'number vmail messages', 'total day calls', 'total eve charge', 'international plan', 'total night charge', 'total night calls']",0.8710644677661169,0.7619047619047619,0.16494845360824742,0.2711864406779661,0.578088261891843
508,509,"['total day charge', 'total day calls', 'voice mail plan', 'total day minutes', 'total eve charge', 'total intl minutes', 'total eve calls', 'total intl charge', 'customer service calls', 'total night calls']",0.904047976011994,0.7796610169491526,0.4742268041237113,0.5897435897435898,0.7257098932899259
509,510,"['customer service calls', 'account length', 'total eve charge', 'voice mail plan', 'international plan', 'total intl calls', 'total day minutes', 'total night calls', 'total eve calls', 'total night minutes']",0.9205397301349325,0.8793103448275862,0.5257731958762887,0.6580645161290323,0.7567462470609513
510,511,"['number vmail messages', 'international plan', 'total day charge', 'total intl calls', 'total day calls', 'total night calls', 'total intl charge', 'total night minutes', 'total eve minutes', 'total eve calls']",0.9190404797601199,0.9056603773584906,0.4948453608247423,0.64,0.7430367155000904
511,512,"['total eve charge', 'total night minutes', 'total eve minutes', 'number vmail messages', 'total intl calls', 'total intl minutes', 'international plan', 'total night charge', 'total night calls', 'total eve calls']",0.8935532233883059,1.0,0.26804123711340205,0.42276422764227645,0.634020618556701
512,513,"['total eve minutes', 'total night charge', 'total day calls', 'total day charge', 'total intl charge', 'total day minutes', 'total night calls', 'voice mail plan', 'total intl minutes', 'international plan']",0.904047976011994,0.9024390243902439,0.38144329896907214,0.5362318840579711,0.6872128775547115
513,514,"['total night charge', 'international plan', 'voice mail plan', 'total intl charge', 'total eve charge', 'total intl calls', 'total night calls', 'total night minutes', 'total day minutes', 'total eve calls']",0.9190404797601199,0.9215686274509803,0.4845360824742268,0.6351351351351351,0.7387592693072889
514,515,"['total night minutes', 'number vmail messages', 'total intl charge', 'total day charge', 'total day calls', 'customer service calls', 'total night charge', 'total night calls', 'total eve minutes', 'account length']",0.9070464767616192,0.8431372549019608,0.44329896907216493,0.581081081081081,0.7146319406764333
515,516,"['total day charge', 'total intl charge', 'total intl calls', 'total intl minutes', 'international plan', 'total eve minutes', 'total eve calls', 'total eve charge', 'total day minutes', 'account length']",0.9010494752623688,0.7384615384615385,0.4948453608247423,0.5925925925925926,0.7325103997106168
516,517,"['total eve calls', 'total intl calls', 'total eve minutes', 'voice mail plan', 'total eve charge', 'number vmail messages', 'total night charge', 'total day minutes', 'account length', 'customer service calls']",0.9115442278860569,0.8166666666666667,0.5051546391752577,0.6242038216560509,0.7429281967806113
517,518,"['account length', 'total day charge', 'total night calls', 'total night charge', 'number vmail messages', 'customer service calls', 'total day minutes', 'international plan', 'total eve charge', 'voice mail plan']",0.9115442278860569,0.8392857142857143,0.4845360824742268,0.6143790849673203,0.734373304395008
518,519,"['total intl charge', 'total eve minutes', 'total day minutes', 'voice mail plan', 'total eve charge', 'account length', 'total eve calls', 'total intl calls', 'customer service calls', 'total night charge']",0.9190404797601199,0.8909090909090909,0.5051546391752577,0.6447368421052632,0.747314161692892
519,520,"['voice mail plan', 'total intl calls', 'account length', 'total intl minutes', 'number vmail messages', 'total night minutes', 'total eve minutes', 'total eve calls', 'total night charge', 'total day charge']",0.8920539730134932,0.8787878787878788,0.29896907216494845,0.4461538461538462,0.6459757641526497
520,521,"['account length', 'number vmail messages', 'total intl charge', 'total intl calls', 'total day minutes', 'total eve minutes', 'total day calls', 'international plan', 'total eve charge', 'total night charge']",0.9190404797601199,0.9056603773584906,0.4948453608247423,0.64,0.7430367155000904
521,522,"['total night minutes', 'account length', 'number vmail messages', 'total eve minutes', 'total eve charge', 'total day charge', 'total night charge', 'total eve calls', 'voice mail plan', 'total intl charge']",0.8950524737631185,0.8857142857142857,0.31958762886597936,0.4696969696969697,0.6562850425031651
522,523,"['total day minutes', 'total day calls', 'total night minutes', 'total eve calls', 'voice mail plan', 'total eve charge', 'total intl calls', 'customer service calls', 'total intl minutes', 'number vmail messages']",0.9100449775112444,0.8490566037735849,0.4639175257731959,0.6,0.7249412190269489
523,524,"['total night minutes', 'international plan', 'total day charge', 'customer service calls', 'total eve calls', 'total intl calls', 'account length', 'total night calls', 'total eve charge', 'total intl charge']",0.9160419790104948,0.7662337662337663,0.6082474226804123,0.6781609195402298,0.7883342376559956
524,525,"['total night calls', 'total eve calls', 'international plan', 'total day minutes', 'total day charge', 'voice mail plan', 'total eve charge', 'total eve minutes', 'total intl charge', 'account length']",0.9115442278860569,0.8653846153846154,0.4639175257731959,0.6040268456375839,0.725818412009405
525,526,"['account length', 'total day minutes', 'total intl calls', 'total intl minutes', 'total eve calls', 'total eve minutes', 'voice mail plan', 'total day charge', 'total day calls', 'total eve charge']",0.8905547226386806,0.8157894736842105,0.31958762886597936,0.45925925925925926,0.6536534635557967
526,527,"['total day calls', 'total night minutes', 'total intl charge', 'voice mail plan', 'total eve charge', 'total intl minutes', 'account length', 'international plan', 'total eve minutes', 'customer service calls']",0.8800599700149925,0.6888888888888889,0.31958762886597936,0.43661971830985913,0.6475131126786038
527,528,"['total eve calls', 'total intl calls', 'account length', 'total day calls', 'total night calls', 'total night charge', 'voice mail plan', 'international plan', 'number vmail messages', 'total intl charge']",0.8920539730134932,0.9629629629629629,0.26804123711340205,0.41935483870967744,0.6331434255742449
528,529,"['total intl minutes', 'customer service calls', 'total eve minutes', 'total night minutes', 'voice mail plan', 'total day minutes', 'account length', 'total eve charge', 'total day charge', 'total night charge']",0.9205397301349325,0.8666666666666667,0.5360824742268041,0.6624203821656051,0.7610236932537529
529,530,"['voice mail plan', 'total night minutes', 'total night charge', 'customer service calls', 'total day charge', 'total night calls', 'total eve charge', 'total day minutes', 'total eve minutes', 'account length']",0.9175412293853074,0.8620689655172413,0.5154639175257731,0.6451612903225806,0.7507144149032374
530,531,"['total eve minutes', 'total night minutes', 'number vmail messages', 'total eve calls', 'total eve charge', 'total night charge', 'account length', 'total intl charge', 'total intl calls', 'voice mail plan']",0.848575712143928,0.0,0.0,0.0,0.4964912280701754
531,532,"['total intl charge', 'total eve charge', 'total day calls', 'account length', 'international plan', 'voice mail plan', 'total intl calls', 'total eve minutes', 'number vmail messages', 'customer service calls']",0.9010494752623688,0.7924528301886793,0.4329896907216495,0.56,0.7068457225538073
532,533,"['total eve minutes', 'total night calls', 'number vmail messages', 'account length', 'voice mail plan', 'total eve calls', 'total intl charge', 'total night charge', 'international plan', 'customer service calls']",0.881559220389805,0.725,0.29896907216494845,0.4233576642335766,0.6398354132754567
533,534,"['total night charge', 'total night calls', 'total eve calls', 'total day minutes', 'total eve charge', 'customer service calls', 'total intl calls', 'international plan', 'total day calls', 'account length']",0.8995502248875562,0.7272727272727273,0.4948453608247423,0.588957055214724,0.7316332067281607
534,535,"['customer service calls', 'total night calls', 'total eve minutes', 'total day minutes', 'total eve charge', 'total night charge', 'total day charge', 'total eve calls', 'voice mail plan', 'account length']",0.9190404797601199,0.8524590163934426,0.5360824742268041,0.6582278481012658,0.7601465002712967
535,536,"['account length', 'total day calls', 'total day charge', 'total intl charge', 'total night minutes', 'number vmail messages', 'total eve minutes', 'total night charge', 'total eve calls', 'total day minutes']",0.889055472263868,0.8484848484848485,0.28865979381443296,0.4307692307692308,0.6399439319949357
536,537,"['total intl charge', 'total eve charge', 'total day charge', 'total night minutes', 'total eve minutes', 'total eve calls', 'international plan', 'customer service calls', 'total intl minutes', 'voice mail plan']",0.9355322338830585,0.9354838709677419,0.5979381443298969,0.7295597484276729,0.7954603002351239
537,538,"['total eve calls', 'total day calls', 'international plan', 'customer service calls', 'total intl charge', 'total night charge', 'total intl calls', 'total day charge', 'number vmail messages', 'voice mail plan']",0.9100449775112444,0.7605633802816901,0.5567010309278351,0.6428571428571429,0.7634382347621631
538,539,"['total night charge', 'international plan', 'voice mail plan', 'number vmail messages', 'total day charge', 'total night calls', 'total day minutes', 'account length', 'total intl calls', 'total eve minutes']",0.9055472263868066,0.8863636363636364,0.4020618556701031,0.5531914893617021,0.6966449629227708
539,540,"['voice mail plan', 'total night calls', 'account length', 'total intl calls', 'total day minutes', 'total day charge', 'number vmail messages', 'customer service calls', 'total day calls', 'total night minutes']",0.881559220389805,0.6730769230769231,0.36082474226804123,0.4697986577181208,0.6655000904322663
540,541,"['total eve charge', 'international plan', 'total night minutes', 'number vmail messages', 'voice mail plan', 'total intl charge', 'total intl minutes', 'total intl calls', 'account length', 'total day minutes']",0.9145427286356822,0.9166666666666666,0.4536082474226804,0.6068965517241379,0.7232953517815156
541,542,"['total day calls', 'total intl charge', 'total eve calls', 'total night charge', 'voice mail plan', 'account length', 'number vmail messages', 'international plan', 'total intl minutes', 'total eve charge']",0.8725637181409296,0.8333333333333334,0.15463917525773196,0.2608695652173913,0.5746880086814975
542,543,"['total eve minutes', 'total intl minutes', 'total intl calls', 'international plan', 'total night charge', 'voice mail plan', 'total intl charge', 'total day calls', 'customer service calls', 'number vmail messages']",0.8905547226386806,0.7307692307692307,0.3917525773195876,0.5100671140939598,0.6835955869054078
543,544,"['total night calls', 'total eve minutes', 'voice mail plan', 'total intl calls', 'total night minutes', 'account length', 'total eve calls', 'total night charge', 'number vmail messages', 'total day minutes']",0.8860569715142429,0.8181818181818182,0.27835051546391754,0.4153846153846154,0.6339120998372219
544,545,"['total eve charge', 'total intl calls', 'total day minutes', 'number vmail messages', 'total intl charge', 'international plan', 'customer service calls', 'total night calls', 'account length', 'total day calls']",0.9325337331334332,0.8823529411764706,0.6185567010309279,0.7272727272727273,0.8022608066558148
545,546,"['total day calls', 'total eve minutes', 'total night charge', 'total night calls', 'total day charge', 'total day minutes', 'total intl minutes', 'number vmail messages', 'voice mail plan', 'total eve charge']",0.8920539730134932,0.8048780487804879,0.3402061855670103,0.4782608695652174,0.6630855489238561
546,547,"['total intl calls', 'total day minutes', 'total eve minutes', 'total day calls', 'total night charge', 'account length', 'total intl minutes', 'number vmail messages', 'voice mail plan', 'total night minutes']",0.8935532233883059,0.90625,0.29896907216494845,0.4496124031007752,0.6468529571351058
547,548,"['total day calls', 'total night minutes', 'voice mail plan', 'total intl minutes', 'account length', 'total eve charge', 'customer service calls', 'total eve minutes', 'total night calls', 'total day minutes']",0.9100449775112444,0.8363636363636363,0.4742268041237113,0.6052631578947368,0.7292186652197504
548,549,"['total intl calls', 'international plan', 'total eve minutes', 'total night minutes', 'customer service calls', 'total night charge', 'total intl minutes', 'total day calls', 'total night calls', 'total day minutes']",0.9160419790104948,0.759493670886076,0.6185567010309279,0.6818181818181818,0.7926116838487972
549,550,"['total day charge', 'account length', 'voice mail plan', 'total eve minutes', 'total intl minutes', 'total night charge', 'total eve charge', 'total day calls', 'total night minutes', 'total eve calls']",0.8920539730134932,0.8571428571428571,0.30927835051546393,0.45454545454545453,0.6502532103454512
550,551,"['total intl calls', 'customer service calls', 'total eve minutes', 'total intl minutes', 'total night minutes', 'number vmail messages', 'international plan', 'total intl charge', 'total night calls', 'total eve calls']",0.8995502248875562,0.7884615384615384,0.422680412371134,0.5503355704697986,0.7016910833785496
551,552,"['total day calls', 'total eve minutes', 'account length', 'customer service calls', 'total night charge', 'total night calls', 'total day minutes', 'total intl charge', 'total night minutes', 'total eve calls']",0.8860569715142429,0.6779661016949152,0.41237113402061853,0.5128205128205128,0.6895189003436425
552,553,"['customer service calls', 'total day calls', 'number vmail messages', 'total intl charge', 'total eve calls', 'international plan', 'total eve minutes', 'total night charge', 'total intl calls', 'total night minutes']",0.8935532233883059,0.7321428571428571,0.422680412371134,0.5359477124183006,0.6981823114487249
553,554,"['voice mail plan', 'account length', 'total eve charge', 'total night minutes', 'customer service calls', 'total day charge', 'total day minutes', 'total night calls', 'total eve minutes', 'total day calls']",0.9175412293853074,0.8387096774193549,0.5360824742268041,0.6540880503144654,0.7592693072888405
554,555,"['account length', 'number vmail messages', 'total eve minutes', 'total intl charge', 'total eve calls', 'total intl calls', 'total intl minutes', 'total day minutes', 'total day calls', 'total eve charge']",0.881559220389805,0.75,0.27835051546391754,0.40601503759398494,0.6312805208898534
555,556,"['customer service calls', 'voice mail plan', 'total intl charge', 'total intl minutes', 'total eve charge', 'total eve calls', 'international plan', 'total night minutes', 'total eve minutes', 'total day minutes']",0.9340329835082459,0.8955223880597015,0.6185567010309279,0.7317073170731707,0.8031379996382709
556,557,"['total night minutes', 'total day charge', 'number vmail messages', 'total eve minutes', 'total night calls', 'total intl minutes', 'total day calls', 'total day minutes', 'total intl charge', 'total intl calls']",0.8875562218890555,0.84375,0.27835051546391754,0.4186046511627907,0.634789292819678
557,558,"['total day calls', 'total intl calls', 'total night minutes', 'total intl charge', 'total eve minutes', 'total day minutes', 'international plan', 'account length', 'total eve charge', 'total night calls']",0.8950524737631185,0.7288135593220338,0.44329896907216493,0.5512820512820513,0.7076143968167842
558,559,"['total eve calls', 'number vmail messages', 'total intl minutes', 'total day calls', 'customer service calls', 'account length', 'total day charge', 'voice mail plan', 'total eve minutes', 'total night minutes']",0.9085457271364318,0.86,0.44329896907216493,0.5850340136054422,0.7155091336588895
559,560,"['total intl calls', 'total night minutes', 'account length', 'international plan', 'number vmail messages', 'total night calls', 'total intl charge', 'total day minutes', 'total eve minutes', 'total eve calls']",0.9145427286356822,0.9166666666666666,0.4536082474226804,0.6068965517241379,0.7232953517815156
560,561,"['total eve minutes', 'voice mail plan', 'total intl charge', 'total eve calls', 'total day calls', 'customer service calls', 'total intl calls', 'total day minutes', 'total night charge', 'total eve charge']",0.9160419790104948,0.8867924528301887,0.4845360824742268,0.6266666666666667,0.7370048833423766
561,562,"['total day charge', 'total intl minutes', 'total intl charge', 'total day calls', 'total day minutes', 'total eve charge', 'account length', 'number vmail messages', 'voice mail plan', 'customer service calls']",0.9115442278860569,0.8166666666666667,0.5051546391752577,0.6242038216560509,0.7429281967806113
562,563,"['total night charge', 'total day calls', 'total night calls', 'total intl calls', 'account length', 'number vmail messages', 'total day minutes', 'total eve calls', 'international plan', 'total intl charge']",0.9010494752623688,0.7924528301886793,0.4329896907216495,0.56,0.7068457225538073
563,564,"['number vmail messages', 'total intl minutes', 'voice mail plan', 'total day calls', 'total night minutes', 'international plan', 'customer service calls', 'total eve calls', 'total night charge', 'total day minutes']",0.8935532233883059,0.7166666666666667,0.44329896907216493,0.5477707006369427,0.706737203834328
564,565,"['voice mail plan', 'total eve charge', 'number vmail messages', 'total eve calls', 'total day calls', 'total eve minutes', 'total night charge', 'total intl minutes', 'total intl calls', 'total day minutes']",0.9010494752623688,0.9428571428571428,0.3402061855670103,0.5,0.6683487068185929
565,566,"['total intl charge', 'voice mail plan', 'total night charge', 'total day charge', 'total day minutes', 'account length', 'total night minutes', 'number vmail messages', 'total night calls', 'total eve calls']",0.8650674662668666,0.5945945945945946,0.2268041237113402,0.3283582089552239,0.600244167118828
566,567,"['total night minutes', 'total eve calls', 'number vmail messages', 'total intl minutes', 'total day minutes', 'account length', 'international plan', 'total eve minutes', 'total intl charge', 'total intl calls']",0.9160419790104948,0.9361702127659575,0.4536082474226804,0.6111111111111112,0.7241725447639717
567,568,"['account length', 'total day minutes', 'total day charge', 'total intl charge', 'total night charge', 'total eve minutes', 'total day calls', 'total night minutes', 'total night calls', 'total eve charge']",0.8770614692653673,0.6530612244897959,0.32989690721649484,0.4383561643835616,0.6500361729064931
568,569,"['total eve minutes', 'total night minutes', 'total night calls', 'total intl calls', 'total day calls', 'total night charge', 'total day minutes', 'total eve charge', 'number vmail messages', 'total eve calls']",0.8905547226386806,0.8333333333333334,0.30927835051546393,0.45112781954887216,0.6493760173629951
569,570,"['total intl charge', 'total eve charge', 'total eve minutes', 'total day charge', 'number vmail messages', 'total day calls', 'voice mail plan', 'total intl calls', 'customer service calls', 'total intl minutes']",0.9145427286356822,0.8333333333333334,0.5154639175257731,0.6369426751592356,0.7489600289383251
570,571,"['number vmail messages', 'total night minutes', 'total day charge', 'total day minutes', 'customer service calls', 'international plan', 'total intl calls', 'total eve minutes', 'account length', 'total intl charge']",0.9415292353823088,0.9142857142857143,0.6597938144329897,0.7664670658682635,0.8246337493217579
571,572,"['number vmail messages', 'total intl calls', 'total night calls', 'customer service calls', 'total night minutes', 'total day charge', 'international plan', 'total day calls', 'total intl minutes', 'total day minutes']",0.9100449775112444,0.7534246575342466,0.5670103092783505,0.6470588235294118,0.7677156809549647
572,573,"['total eve calls', 'total night calls', 'total intl charge', 'total eve minutes', 'total intl minutes', 'international plan', 'voice mail plan', 'total night charge', 'customer service calls', 'number vmail messages']",0.881559220389805,0.725,0.29896907216494845,0.4233576642335766,0.6398354132754567
573,574,"['total night minutes', 'total intl calls', 'total night charge', 'number vmail messages', 'customer service calls', 'account length', 'total intl charge', 'voice mail plan', 'total eve charge', 'total night calls']",0.8605697151424287,0.5769230769230769,0.15463917525773196,0.24390243902439024,0.5676704648218484
574,575,"['number vmail messages', 'total eve charge', 'total intl calls', 'total eve minutes', 'total day calls', 'total night charge', 'account length', 'international plan', 'total eve calls', 'customer service calls']",0.8800599700149925,0.717948717948718,0.28865979381443296,0.4117647058823529,0.634680774100199
575,576,"['total eve charge', 'voice mail plan', 'total night minutes', 'total intl minutes', 'total day charge', 'total eve minutes', 'total eve calls', 'account length', 'international plan', 'total night calls']",0.9115442278860569,0.9523809523809523,0.41237113402061853,0.5755395683453237,0.7044311810453969
576,577,"['total eve minutes', 'total intl calls', 'total day charge', 'international plan', 'total night charge', 'total day calls', 'number vmail messages', 'total eve charge', 'total night calls', 'total night minutes']",0.904047976011994,0.9230769230769231,0.3711340206185567,0.5294117647058824,0.6829354313619099
577,578,"['total day charge', 'customer service calls', 'total intl charge', 'total eve charge', 'international plan', 'account length', 'total intl minutes', 'total eve minutes', 'total night minutes', 'number vmail messages']",0.9325337331334332,0.90625,0.5979381443298969,0.7204968944099379,0.7937059142702116
578,579,"['account length', 'total day calls', 'voice mail plan', 'number vmail messages', 'total day minutes', 'total intl minutes', 'total intl calls', 'international plan', 'total night minutes', 'customer service calls']",0.9100449775112444,0.7681159420289855,0.5463917525773195,0.6385542168674698,0.7591607885693615
579,580,"['total night charge', 'total intl minutes', 'voice mail plan', 'total night minutes', 'total day charge', 'total intl charge', 'total night calls', 'customer service calls', 'international plan', 'total eve minutes']",0.9235382308845578,0.859375,0.5670103092783505,0.6832298136645962,0.77561041779707
580,581,"['number vmail messages', 'total intl minutes', 'total night calls', 'customer service calls', 'total day calls', 'total eve minutes', 'total night minutes', 'total eve calls', 'total intl calls', 'account length']",0.8545727136431784,0.5,0.12371134020618557,0.19834710743801653,0.5513293543136191
581,582,"['total intl calls', 'total night calls', 'total eve calls', 'total intl charge', 'account length', 'total eve charge', 'total day calls', 'total night minutes', 'international plan', 'total eve minutes']",0.8935532233883059,1.0,0.26804123711340205,0.42276422764227645,0.634020618556701
582,583,"['total day charge', 'total eve calls', 'total eve charge', 'total intl calls', 'number vmail messages', 'international plan', 'total day minutes', 'total eve minutes', 'total night calls', 'total intl minutes']",0.9145427286356822,0.8333333333333334,0.5154639175257731,0.6369426751592356,0.7489600289383251
583,584,"['total eve calls', 'total intl charge', 'international plan', 'total day minutes', 'total night calls', 'total intl calls', 'number vmail messages', 'total day calls', 'total eve minutes', 'voice mail plan']",0.9145427286356822,0.8846153846153846,0.4742268041237113,0.6174496644295302,0.7318502441671189
584,585,"['voice mail plan', 'total night charge', 'total night calls', 'total day charge', 'total day minutes', 'total eve charge', 'total intl calls', 'international plan', 'total intl minutes', 'customer service calls']",0.9415292353823088,0.9027777777777778,0.6701030927835051,0.7692307692307693,0.8289111955145595
585,586,"['total night calls', 'total night charge', 'number vmail messages', 'voice mail plan', 'total intl minutes', 'total eve minutes', 'total eve charge', 'total night minutes', 'total eve calls', 'international plan']",0.8725637181409296,0.8333333333333334,0.15463917525773196,0.2608695652173913,0.5746880086814975
586,587,"['total day charge', 'total eve calls', 'total day minutes', 'international plan', 'total night calls', 'total night minutes', 'total intl calls', 'voice mail plan', 'total day calls', 'total night charge']",0.8830584707646177,0.7317073170731707,0.30927835051546393,0.43478260869565216,0.6449900524507144
587,588,"['international plan', 'account length', 'total day charge', 'total intl minutes', 'total night minutes', 'customer service calls', 'total intl calls', 'total night charge', 'total intl charge', 'total day calls']",0.9010494752623688,0.7012987012987013,0.5567010309278351,0.6206896551724138,0.7581750768674264
588,589,"['total intl charge', 'total eve minutes', 'total night charge', 'total day calls', 'customer service calls', 'international plan', 'total eve calls', 'total night calls', 'total eve charge', 'total day minutes']",0.9055472263868066,0.7361111111111112,0.5463917525773195,0.6272189349112426,0.756529209621993
589,590,"['total night calls', 'total day minutes', 'account length', 'total night minutes', 'total eve minutes', 'total night charge', 'customer service calls', 'total eve calls', 'voice mail plan', 'total eve charge']",0.9160419790104948,0.8727272727272727,0.4948453608247423,0.631578947368421,0.7412823295351781
590,591,"['total night charge', 'customer service calls', 'account length', 'total intl calls', 'total night calls', 'number vmail messages', 'total eve minutes', 'total night minutes', 'total eve calls', 'voice mail plan']",0.8530734632683659,0.4827586206896552,0.14432989690721648,0.2222222222222222,0.5590070537167662
591,592,"['total intl calls', 'account length', 'international plan', 'total night charge', 'number vmail messages', 'customer service calls', 'total day calls', 'total intl charge', 'voice mail plan', 'total eve charge']",0.8950524737631185,0.7547169811320755,0.41237113402061853,0.5333333333333333,0.6947820582383794
592,593,"['total day charge', 'total intl calls', 'total night minutes', 'account length', 'total day calls', 'international plan', 'customer service calls', 'total intl charge', 'total eve charge', 'voice mail plan']",0.9355322338830585,0.8857142857142857,0.6391752577319587,0.7425149700598802,0.8125700850063302
593,594,"['total night calls', 'total eve minutes', 'total intl charge', 'total eve charge', 'account length', 'total day minutes', 'total day charge', 'total eve calls', 'total intl minutes', 'number vmail messages']",0.8950524737631185,0.813953488372093,0.36082474226804123,0.5,0.6733948272743715
594,595,"['total day charge', 'total intl calls', 'total intl charge', 'number vmail messages', 'total eve calls', 'total eve charge', 'total day minutes', 'total night minutes', 'international plan', 'total night charge']",0.9175412293853074,0.9375,0.4639175257731959,0.6206896551724138,0.7293271839392296
595,596,"['total eve charge', 'total night charge', 'number vmail messages', 'total intl calls', 'voice mail plan', 'total night calls', 'total day minutes', 'customer service calls', 'total day charge', 'total intl minutes']",0.9175412293853074,0.85,0.5257731958762887,0.6496815286624203,0.754991861096039
596,597,"['total night charge', 'total day charge', 'account length', 'total eve calls', 'voice mail plan', 'number vmail messages', 'customer service calls', 'total day minutes', 'total day calls', 'total intl calls']",0.8770614692653673,0.6530612244897959,0.32989690721649484,0.4383561643835616,0.6500361729064931
597,598,"['total night calls', 'account length', 'total night minutes', 'voice mail plan', 'total day calls', 'number vmail messages', 'total intl calls', 'total night charge', 'total intl charge', 'total day minutes']",0.8665667166416792,0.6333333333333333,0.1958762886597938,0.2992125984251969,0.5882890215228793
598,599,"['account length', 'total night charge', 'total eve minutes', 'total night minutes', 'total intl calls', 'total intl minutes', 'total intl charge', 'voice mail plan', 'total day minutes', 'customer service calls']",0.9100449775112444,0.8363636363636363,0.4742268041237113,0.6052631578947368,0.7292186652197504
599,600,"['total day calls', 'total day minutes', 'number vmail messages', 'customer service calls', 'total intl charge', 'total eve calls', 'account length', 'total eve charge', 'total intl calls', 'international plan']",0.9325337331334332,0.8823529411764706,0.6185567010309279,0.7272727272727273,0.8022608066558148
600,601,"['account length', 'international plan', 'total day calls', 'total intl charge', 'total day minutes', 'total intl calls', 'total eve charge', 'customer service calls', 'number vmail messages', 'total eve minutes']",0.9445277361319341,0.8947368421052632,0.7010309278350515,0.7861271676300579,0.8434979200578766
601,602,"['total day charge', 'total night charge', 'customer service calls', 'total night minutes', 'total eve minutes', 'number vmail messages', 'total intl calls', 'total night calls', 'international plan', 'total eve calls']",0.9190404797601199,0.864406779661017,0.5257731958762887,0.6538461538461539,0.7558690540784951
602,603,"['total intl charge', 'total night minutes', 'voice mail plan', 'total night calls', 'number vmail messages', 'total day calls', 'total day minutes', 'total eve minutes', 'total day charge', 'total intl minutes']",0.8950524737631185,0.8292682926829268,0.35051546391752575,0.4927536231884058,0.6691173810815699
603,604,"['total intl minutes', 'total day charge', 'total eve charge', 'international plan', 'total intl charge', 'total eve calls', 'total day minutes', 'total day calls', 'customer service calls', 'number vmail messages']",0.9265367316341829,0.8529411764705882,0.5979381443298969,0.703030303030303,0.7901971423403871
604,605,"['total eve charge', 'account length', 'total eve minutes', 'total intl minutes', 'total night minutes', 'total intl calls', 'total night charge', 'total night calls', 'customer service calls', 'total eve calls']",0.8530734632683659,0.48148148148148145,0.13402061855670103,0.20967741935483872,0.5547296075239645
605,606,"['total night calls', 'total eve charge', 'total intl calls', 'total eve calls', 'international plan', 'number vmail messages', 'total night charge', 'total day minutes', 'total intl minutes', 'customer service calls']",0.9385307346326837,0.8783783783783784,0.6701030927835051,0.7602339181286549,0.8271568095496472
606,607,"['voice mail plan', 'total night calls', 'total night charge', 'total night minutes', 'international plan', 'total day charge', 'total eve minutes', 'total day minutes', 'total eve charge', 'total intl charge']",0.9130434782608695,0.9333333333333333,0.4329896907216495,0.5915492957746479,0.7138632664134563
607,608,"['total day minutes', 'total eve charge', 'total night minutes', 'total intl calls', 'customer service calls', 'total day charge', 'total night calls', 'international plan', 'total intl charge', 'total intl minutes']",0.9220389805097451,0.7710843373493976,0.6597938144329897,0.7111111111111111,0.8132302405498281
608,609,"['total eve minutes', 'voice mail plan', 'total night charge', 'customer service calls', 'total intl minutes', 'total night calls', 'international plan', 'total day minutes', 'total day charge', 'number vmail messages']",0.9325337331334332,0.8939393939393939,0.6082474226804123,0.7239263803680982,0.7979833604630132
609,610,"['total intl charge', 'international plan', 'account length', 'total intl calls', 'total day minutes', 'customer service calls', 'total eve charge', 'total eve calls', 'total intl minutes', 'total day charge']",0.9145427286356822,0.7380952380952381,0.6391752577319587,0.6850828729281768,0.8002893832519442
610,611,"['total day calls', 'number vmail messages', 'voice mail plan', 'total intl charge', 'total day minutes', 'international plan', 'total eve calls', 'account length', 'total eve minutes', 'total intl minutes']",0.9055472263868066,0.8695652173913043,0.41237113402061853,0.5594405594405595,0.7009224091155724
611,612,"['total day calls', 'total day charge', 'voice mail plan', 'total intl charge', 'total day minutes', 'total eve charge', 'total night minutes', 'customer service calls', 'total night charge', 'total intl calls']",0.9130434782608695,0.8545454545454545,0.4845360824742268,0.618421052631579,0.7352504973774643
612,613,"['international plan', 'customer service calls', 'total night calls', 'account length', 'voice mail plan', 'number vmail messages', 'total eve minutes', 'total eve charge', 'total day calls', 'total intl calls']",0.8830584707646177,0.7317073170731707,0.30927835051546393,0.43478260869565216,0.6449900524507144
613,614,"['total night minutes', 'total eve calls', 'total eve charge', 'total night charge', 'number vmail messages', 'account length', 'total eve minutes', 'total intl minutes', 'international plan', 'total night calls']",0.8710644677661169,0.7894736842105263,0.15463917525773196,0.25862068965517243,0.5738108156990414
614,615,"['total night charge', 'number vmail messages', 'total eve calls', 'international plan', 'total day minutes', 'total day calls', 'voice mail plan', 'total intl calls', 'account length', 'total intl charge']",0.9010494752623688,0.803921568627451,0.422680412371134,0.5540540540540541,0.7025682763610056
615,616,"['total intl minutes', 'voice mail plan', 'total intl calls', 'total night minutes', 'international plan', 'customer service calls', 'total night calls', 'account length', 'total day charge', 'total eve charge']",0.9385307346326837,0.8888888888888888,0.6597938144329897,0.757396449704142,0.8228793633568456
616,617,"['total intl minutes', 'total night charge', 'total day charge', 'total eve calls', 'total day minutes', 'account length', 'total eve minutes', 'customer service calls', 'international plan', 'voice mail plan']",0.9310344827586207,0.9047619047619048,0.5876288659793815,0.7125,0.7885512750949539
617,618,"['total intl charge', 'total intl minutes', 'customer service calls', 'total intl calls', 'voice mail plan', 'international plan', 'account length', 'total day charge', 'total night charge', 'number vmail messages']",0.9160419790104948,0.7808219178082192,0.5876288659793815,0.6705882352941176,0.7797793452703925
618,619,"['total eve calls', 'total night charge', 'total night calls', 'total eve charge', 'total intl calls', 'total intl minutes', 'account length', 'customer service calls', 'total day calls', 'total intl charge']",0.8545727136431784,0.5,0.13402061855670103,0.21138211382113822,0.5556068005064206
619,620,"['total night charge', 'total night calls', 'total day minutes', 'account length', 'international plan', 'number vmail messages', 'total night minutes', 'total eve charge', 'voice mail plan', 'total eve calls']",0.8830584707646177,0.7878787878787878,0.26804123711340205,0.4,0.627880267679508
620,621,"['total day minutes', 'customer service calls', 'total eve calls', 'total day calls', 'total intl charge', 'total intl minutes', 'total eve minutes', 'total day charge', 'total intl calls', 'account length']",0.8905547226386806,0.6875,0.4536082474226804,0.546583850931677,0.7092602640622173
621,622,"['total day charge', 'total night minutes', 'total intl charge', 'customer service calls', 'voice mail plan', 'total night calls', 'total night charge', 'total day calls', 'total eve charge', 'total eve minutes']",0.9145427286356822,0.8703703703703703,0.4845360824742268,0.6225165562913907,0.7361276903599204
622,623,"['total intl charge', 'voice mail plan', 'customer service calls', 'total night calls', 'total eve calls', 'total intl minutes', 'total day minutes', 'total night charge', 'total eve charge', 'account length']",0.9115442278860569,0.88,0.4536082474226804,0.5986394557823129,0.7215409658166033
623,624,"['international plan', 'total day calls', 'total intl charge', 'total day minutes', 'total eve calls', 'number vmail messages', 'total night minutes', 'voice mail plan', 'total eve minutes', 'total night calls']",0.9100449775112444,0.9111111111111111,0.422680412371134,0.5774647887323944,0.7078314342557425
624,625,"['total day calls', 'number vmail messages', 'total intl charge', 'total eve calls', 'voice mail plan', 'total night charge', 'total intl minutes', 'customer service calls', 'total night minutes', 'total intl calls']",0.8425787106446777,0.34615384615384615,0.09278350515463918,0.14634146341463414,0.5314794718755653
625,626,"['total eve calls', 'number vmail messages', 'customer service calls', 'total intl calls', 'total eve minutes', 'total eve charge', 'total day calls', 'total intl minutes', 'voice mail plan', 'total night calls']",0.8515742128935532,0.46875,0.15463917525773196,0.23255813953488372,0.5624073069271116
626,627,"['number vmail messages', 'account length', 'international plan', 'total intl charge', 'total intl minutes', 'total day minutes', 'customer service calls', 'total intl calls', 'voice mail plan', 'total night calls']",0.9115442278860569,0.7714285714285715,0.5567010309278351,0.6467065868263473,0.7643154277446194
627,628,"['total intl calls', 'total night calls', 'customer service calls', 'international plan', 'voice mail plan', 'total eve minutes', 'total night minutes', 'total intl minutes', 'total intl charge', 'total night charge']",0.8995502248875562,0.7777777777777778,0.4329896907216495,0.5562913907284768,0.7059685295713511
628,629,"['total eve charge', 'total eve minutes', 'total intl minutes', 'total day charge', 'total eve calls', 'total day calls', 'customer service calls', 'international plan', 'voice mail plan', 'total night calls']",0.9280359820089955,0.855072463768116,0.6082474226804123,0.7108433734939759,0.7953517815156448
629,630,"['total night minutes', 'voice mail plan', 'total night charge', 'total intl calls', 'total eve minutes', 'customer service calls', 'total intl minutes', 'total night calls', 'total day charge', 'international plan']",0.9340329835082459,0.8840579710144928,0.6288659793814433,0.7349397590361446,0.8074154458310725
630,631,"['international plan', 'total day calls', 'voice mail plan', 'total night calls', 'total intl calls', 'customer service calls', 'total intl minutes', 'total night minutes', 'total eve minutes', 'account length']",0.8950524737631185,0.7647058823529411,0.4020618556701031,0.527027027027027,0.6905046120455779
631,632,"['number vmail messages', 'total eve minutes', 'total night charge', 'total night minutes', 'total day charge', 'total eve calls', 'total day minutes', 'voice mail plan', 'customer service calls', 'total intl minutes']",0.9175412293853074,0.8620689655172413,0.5154639175257731,0.6451612903225806,0.7507144149032374
632,633,"['international plan', 'total day calls', 'total night calls', 'total day charge', 'number vmail messages', 'total eve calls', 'total day minutes', 'total eve charge', 'total intl charge', 'total night charge']",0.9100449775112444,0.8936170212765957,0.4329896907216495,0.5833333333333334,0.712108880448544
633,634,"['total intl calls', 'total night charge', 'total intl minutes', 'total day minutes', 'account length', 'customer service calls', 'voice mail plan', 'total eve calls', 'total day charge', 'total eve minutes']",0.9145427286356822,0.8703703703703703,0.4845360824742268,0.6225165562913907,0.7361276903599204
634,635,"['total day charge', 'number vmail messages', 'customer service calls', 'total intl calls', 'total night minutes', 'total day minutes', 'total intl minutes', 'voice mail plan', 'total night calls', 'total eve charge']",0.9220389805097451,0.8688524590163934,0.5463917525773195,0.6708860759493671,0.7661783324290106
635,636,"['customer service calls', 'total day minutes', 'account length', 'total eve minutes', 'total night charge', 'total intl charge', 'voice mail plan', 'total eve calls', 'total day charge', 'international plan']",0.9325337331334332,0.90625,0.5979381443298969,0.7204968944099379,0.7937059142702116
636,637,"['number vmail messages', 'account length', 'total night minutes', 'total day minutes', 'total intl minutes', 'voice mail plan', 'total night calls', 'total day calls', 'international plan', 'total intl charge']",0.8860569715142429,0.7441860465116279,0.32989690721649484,0.45714285714285713,0.6552993308012299
637,638,"['voice mail plan', 'total day minutes', 'account length', 'total intl minutes', 'customer service calls', 'total eve minutes', 'total day charge', 'total intl charge', 'international plan', 'total eve calls']",0.9265367316341829,0.8636363636363636,0.5876288659793815,0.6993865030674846,0.7859196961475855
638,639,"['total intl calls', 'total eve calls', 'total night calls', 'total intl charge', 'total night charge', 'total intl minutes', 'account length', 'voice mail plan', 'total day minutes', 'total day calls']",0.8680659670164917,0.6451612903225806,0.20618556701030927,0.3125,0.593443660698137
639,640,"['total intl charge', 'total eve charge', 'total eve calls', 'total day charge', 'voice mail plan', 'total day minutes', 'total night charge', 'total intl minutes', 'total eve minutes', 'total night minutes']",0.896551724137931,0.8888888888888888,0.32989690721649484,0.48120300751879697,0.6614396816784228
640,641,"['total night minutes', 'total intl minutes', 'number vmail messages', 'total day minutes', 'voice mail plan', 'total day charge', 'account length', 'total eve calls', 'total night calls', 'international plan']",0.8845577211394303,0.7272727272727273,0.32989690721649484,0.45390070921985815,0.6544221378187738
641,642,"['total intl charge', 'customer service calls', 'total intl minutes', 'total night charge', 'total eve calls', 'total eve minutes', 'total night calls', 'international plan', 'number vmail messages', 'voice mail plan']",0.8785607196401799,0.7105263157894737,0.27835051546391754,0.4,0.6295261349249412
642,643,"['total day charge', 'total day minutes', 'total eve calls', 'total night calls', 'total intl minutes', 'number vmail messages', 'total day calls', 'total night charge', 'international plan', 'total night minutes']",0.8860569715142429,0.7441860465116279,0.32989690721649484,0.45714285714285713,0.6552993308012299
643,644,"['customer service calls', 'total night minutes', 'international plan', 'total day charge', 'total day calls', 'total intl calls', 'total eve charge', 'total night calls', 'total eve minutes', 'total night charge']",0.9055472263868066,0.7428571428571429,0.5360824742268041,0.6227544910179641,0.7522517634291915
644,645,"['total intl charge', 'international plan', 'number vmail messages', 'customer service calls', 'total night charge', 'total intl calls', 'account length', 'total eve minutes', 'total day minutes', 'total intl minutes']",0.9340329835082459,0.8955223880597015,0.6185567010309279,0.7317073170731707,0.8031379996382709
645,646,"['total intl charge', 'total night calls', 'customer service calls', 'total day charge', 'total night minutes', 'voice mail plan', 'total intl minutes', 'total eve calls', 'number vmail messages', 'international plan']",0.904047976011994,0.7538461538461538,0.5051546391752577,0.6049382716049383,0.7385422318683307
646,647,"['total night calls', 'total day minutes', 'total day calls', 'total day charge', 'number vmail messages', 'total intl charge', 'voice mail plan', 'total eve charge', 'account length', 'total intl minutes']",0.8845577211394303,0.7272727272727273,0.32989690721649484,0.45390070921985815,0.6544221378187738
647,648,"['total intl calls', 'total day charge', 'number vmail messages', 'total night minutes', 'total eve minutes', 'total day calls', 'international plan', 'total intl charge', 'total intl minutes', 'total night charge']",0.9130434782608695,0.8979591836734694,0.4536082474226804,0.6027397260273972,0.7224181587990595
648,649,"['total night charge', 'total eve minutes', 'total intl calls', 'customer service calls', 'total day minutes', 'number vmail messages', 'voice mail plan', 'total eve charge', 'account length', 'total intl minutes']",0.9160419790104948,0.847457627118644,0.5154639175257731,0.6410256410256411,0.7498372219207813
649,650,"['account length', 'total night calls', 'international plan', 'total day charge', 'voice mail plan', 'total eve calls', 'total night charge', 'total day calls', 'total night minutes', 'customer service calls']",0.8725637181409296,0.6153846153846154,0.32989690721649484,0.42953020134228187,0.6474045939591245
650,651,"['voice mail plan', 'total night calls', 'total day calls', 'total eve minutes', 'number vmail messages', 'total eve calls', 'customer service calls', 'total night minutes', 'account length', 'total intl minutes']",0.8545727136431784,0.5,0.13402061855670103,0.21138211382113822,0.5556068005064206
651,652,"['total night minutes', 'total eve minutes', 'voice mail plan', 'total intl calls', 'customer service calls', 'total day minutes', 'total night charge', 'number vmail messages', 'total day calls', 'total intl charge']",0.9115442278860569,0.8518518518518519,0.4742268041237113,0.609271523178808,0.7300958582022065
652,653,"['number vmail messages', 'total day charge', 'total eve minutes', 'total night calls', 'total day calls', 'customer service calls', 'total eve calls', 'total day minutes', 'voice mail plan', 'total eve charge']",0.9115442278860569,0.796875,0.5257731958762887,0.6335403726708074,0.7514830891662144
653,654,"['total night charge', 'total intl charge', 'voice mail plan', 'total eve minutes', 'total eve charge', 'total day charge', 'total night calls', 'total intl calls', 'customer service calls', 'international plan']",0.9505247376311844,0.9324324324324325,0.711340206185567,0.8070175438596491,0.8512841381805029
654,655,"['voice mail plan', 'total eve minutes', 'total day minutes', 'account length', 'number vmail messages', 'total day charge', 'total eve calls', 'total intl minutes', 'total night charge', 'total intl calls']",0.8950524737631185,0.8292682926829268,0.35051546391752575,0.4927536231884058,0.6691173810815699
655,656,"['total eve calls', 'number vmail messages', 'account length', 'total night minutes', 'total intl calls', 'total day calls', 'total day charge', 'voice mail plan', 'customer service calls', 'total intl minutes']",0.8770614692653673,0.6470588235294118,0.3402061855670103,0.44594594594594594,0.6543136190992948
656,657,"['account length', 'total night minutes', 'total night calls', 'total intl charge', 'total night charge', 'total day calls', 'total eve minutes', 'total day minutes', 'number vmail messages', 'total day charge']",0.8920539730134932,0.8378378378378378,0.31958762886597936,0.4626865671641791,0.6545306565382528
657,658,"['total day minutes', 'total night minutes', 'number vmail messages', 'total eve charge', 'total night calls', 'international plan', 'customer service calls', 'total intl minutes', 'total eve minutes', 'total eve calls']",0.9310344827586207,0.8923076923076924,0.5979381443298969,0.7160493827160493,0.7928287212877554
658,659,"['customer service calls', 'total eve minutes', 'total day calls', 'total intl minutes', 'account length', 'voice mail plan', 'total day minutes', 'total intl calls', 'total night calls', 'total night minutes']",0.8995502248875562,0.8,0.41237113402061853,0.54421768707483,0.6974136371857478
659,660,"['total intl calls', 'total intl minutes', 'number vmail messages', 'voice mail plan', 'total night charge', 'total day charge', 'total eve charge', 'account length', 'total day minutes', 'total intl charge']",0.8995502248875562,0.8947368421052632,0.35051546391752575,0.5037037037037037,0.6717489600289384
660,661,"['number vmail messages', 'total day charge', 'total eve calls', 'total night charge', 'total eve minutes', 'total intl charge', 'total day minutes', 'customer service calls', 'international plan', 'voice mail plan']",0.9325337331334332,0.90625,0.5979381443298969,0.7204968944099379,0.7937059142702116
661,662,"['total eve calls', 'total day charge', 'total night minutes', 'number vmail messages', 'voice mail plan', 'total day minutes', 'total intl charge', 'total night charge', 'customer service calls', 'total night calls']",0.8755622188905547,0.6206896551724138,0.3711340206185567,0.4645161290322581,0.6662687646952432
662,663,"['total day charge', 'international plan', 'total eve charge', 'total night minutes', 'total intl charge', 'total day minutes', 'total eve minutes', 'total intl minutes', 'total eve calls', 'customer service calls']",0.9205397301349325,0.775,0.6391752577319587,0.7005649717514124,0.8037981551817689
663,664,"['international plan', 'account length', 'customer service calls', 'total intl charge', 'total eve charge', 'total eve calls', 'total day charge', 'total day calls', 'total night charge', 'total night calls']",0.9025487256371814,0.7285714285714285,0.5257731958762887,0.6107784431137725,0.7462199312714776
664,665,"['total day charge', 'account length', 'total intl charge', 'voice mail plan', 'total eve minutes', 'total night calls', 'total day minutes', 'international plan', 'total day calls', 'total eve charge']",0.9055472263868066,0.8695652173913043,0.41237113402061853,0.5594405594405595,0.7009224091155724
665,666,"['total intl minutes', 'total day charge', 'total eve minutes', 'voice mail plan', 'number vmail messages', 'total intl charge', 'total night minutes', 'account length', 'total eve calls', 'total day calls']",0.8920539730134932,0.8571428571428571,0.30927835051546393,0.45454545454545453,0.6502532103454512
666,667,"['total intl charge', 'total night calls', 'total day calls', 'customer service calls', 'total eve calls', 'total day charge', 'total eve charge', 'total day minutes', 'voice mail plan', 'number vmail messages']",0.9070464767616192,0.7966101694915254,0.4845360824742268,0.6025641025641025,0.7317417254476397
667,668,"['total eve calls', 'total intl calls', 'total eve charge', 'total eve minutes', 'total night calls', 'number vmail messages', 'total intl minutes', 'total day minutes', 'total night charge', 'total day charge']",0.8995502248875562,0.8947368421052632,0.35051546391752575,0.5037037037037037,0.6717489600289384
668,669,"['total eve charge', 'total day charge', 'total day minutes', 'account length', 'customer service calls', 'total intl charge', 'international plan', 'voice mail plan', 'total intl calls', 'total eve minutes']",0.9430284857571214,0.8933333333333333,0.6907216494845361,0.7790697674418605,0.8383432808826189
669,670,"['total night minutes', 'total intl charge', 'account length', 'voice mail plan', 'total night calls', 'number vmail messages', 'total night charge', 'total eve charge', 'total day calls', 'total eve minutes']",0.8500749625187406,0.0,0.0,0.0,0.49736842105263157
670,671,"['total eve minutes', 'total night charge', 'total day minutes', 'total intl calls', 'total night minutes', 'total day charge', 'account length', 'total eve charge', 'customer service calls', 'total night calls']",0.8935532233883059,0.703125,0.4639175257731959,0.5590062111801242,0.7152920962199313
671,672,"['total night charge', 'international plan', 'account length', 'total night minutes', 'total eve charge', 'total night calls', 'total day calls', 'number vmail messages', 'total intl calls', 'total intl charge']",0.8920539730134932,0.9629629629629629,0.26804123711340205,0.41935483870967744,0.6331434255742449
672,673,"['total eve minutes', 'total intl minutes', 'account length', 'total night calls', 'total day calls', 'voice mail plan', 'number vmail messages', 'total intl calls', 'customer service calls', 'total day minutes']",0.9070464767616192,0.8181818181818182,0.4639175257731959,0.5921052631578947,0.7231868330620366
673,674,"['total day calls', 'total day minutes', 'total night minutes', 'total intl calls', 'total night charge', 'total intl minutes', 'total eve charge', 'total night calls', 'total intl charge', 'customer service calls']",0.8845577211394303,0.6724137931034483,0.4020618556701031,0.5032258064516129,0.6843642611683848
674,675,"['total day charge', 'customer service calls', 'total day calls', 'total eve minutes', 'voice mail plan', 'account length', 'total intl calls', 'total eve charge', 'total eve calls', 'number vmail messages']",0.9085457271364318,0.7903225806451613,0.5051546391752577,0.6163522012578616,0.7411738108156991
675,676,"['total intl charge', 'international plan', 'total day charge', 'total eve charge', 'total day calls', 'customer service calls', 'total night calls', 'total night minutes', 'total day minutes', 'total eve minutes']",0.9130434782608695,0.7468354430379747,0.6082474226804123,0.6704545454545454,0.7865798516910834
676,677,"['total night charge', 'number vmail messages', 'total day calls', 'total day minutes', 'total intl calls', 'voice mail plan', 'total night minutes', 'total day charge', 'total eve minutes', 'total eve calls']",0.8905547226386806,0.8157894736842105,0.31958762886597936,0.45925925925925926,0.6536534635557967
677,678,"['total intl minutes', 'customer service calls', 'total eve charge', 'international plan', 'total day calls', 'total eve calls', 'total night charge', 'total night minutes', 'total intl calls', 'total day minutes']",0.9130434782608695,0.7532467532467533,0.5979381443298969,0.6666666666666666,0.7823024054982818
678,679,"['total day minutes', 'total eve charge', 'total eve calls', 'number vmail messages', 'total intl charge', 'account length', 'total intl minutes', 'total day charge', 'total day calls', 'total night minutes']",0.8875562218890555,0.775,0.31958762886597936,0.45255474452554745,0.6518990775908844
679,680,"['total eve minutes', 'total eve calls', 'voice mail plan', 'total night minutes', 'total intl minutes', 'number vmail messages', 'total night charge', 'total intl charge', 'total day charge', 'total day calls']",0.8935532233883059,0.8611111111111112,0.31958762886597936,0.46616541353383456,0.6554078495207089
680,681,"['number vmail messages', 'total day calls', 'account length', 'total night charge', 'total eve minutes', 'international plan', 'voice mail plan', 'total night minutes', 'total day minutes', 'total intl charge']",0.9070464767616192,0.9069767441860465,0.4020618556701031,0.5571428571428572,0.6975221559052269
681,682,"['total night minutes', 'account length', 'total night charge', 'customer service calls', 'international plan', 'voice mail plan', 'total day calls', 'total intl minutes', 'total intl charge', 'total intl calls']",0.889055472263868,0.7169811320754716,0.3917525773195876,0.5066666666666667,0.6827183939229516
682,683,"['total day minutes', 'number vmail messages', 'total intl calls', 'voice mail plan', 'total eve minutes', 'total eve charge', 'customer service calls', 'total intl minutes', 'total night calls', 'total day charge']",0.9115442278860569,0.796875,0.5257731958762887,0.6335403726708074,0.7514830891662144
683,684,"['total eve minutes', 'total night calls', 'total intl minutes', 'total day calls', 'international plan', 'number vmail messages', 'total intl charge', 'total day minutes', 'account length', 'total night minutes']",0.904047976011994,0.9024390243902439,0.38144329896907214,0.5362318840579711,0.6872128775547115
684,685,"['total intl charge', 'customer service calls', 'total eve calls', 'total day charge', 'international plan', 'total night calls', 'total eve charge', 'total night minutes', 'voice mail plan', 'number vmail messages']",0.9265367316341829,0.8636363636363636,0.5876288659793815,0.6993865030674846,0.7859196961475855
685,686,"['total eve minutes', 'customer service calls', 'voice mail plan', 'account length', 'total eve charge', 'total day charge', 'total night calls', 'total intl charge', 'international plan', 'total night charge']",0.9310344827586207,0.8923076923076924,0.5979381443298969,0.7160493827160493,0.7928287212877554
686,687,"['international plan', 'account length', 'total day charge', 'total night calls', 'number vmail messages', 'voice mail plan', 'customer service calls', 'total intl minutes', 'total night charge', 'total eve charge']",0.9280359820089955,0.8888888888888888,0.5773195876288659,0.7,0.78251944293724
687,688,"['total day charge', 'customer service calls', 'total eve calls', 'voice mail plan', 'total day calls', 'total day minutes', 'total intl calls', 'total night minutes', 'account length', 'total eve charge']",0.9145427286356822,0.8571428571428571,0.4948453608247423,0.6274509803921569,0.740405136552722
688,689,"['total night minutes', 'total day minutes', 'number vmail messages', 'total eve minutes', 'customer service calls', 'total day charge', 'total intl minutes', 'total night charge', 'total day calls', 'account length']",0.9160419790104948,0.8727272727272727,0.4948453608247423,0.631578947368421,0.7412823295351781
689,690,"['account length', 'total night charge', 'total night minutes', 'total night calls', 'total intl minutes', 'total eve charge', 'international plan', 'total day calls', 'total eve minutes', 'total intl calls']",0.8920539730134932,0.9629629629629629,0.26804123711340205,0.41935483870967744,0.6331434255742449
690,691,"['total intl calls', 'total day calls', 'total night charge', 'total eve charge', 'total intl charge', 'total eve minutes', 'total night minutes', 'international plan', 'number vmail messages', 'customer service calls']",0.8950524737631185,0.7454545454545455,0.422680412371134,0.5394736842105263,0.699059504431181
691,692,"['total eve minutes', 'total night calls', 'international plan', 'total intl charge', 'total eve charge', 'voice mail plan', 'total day charge', 'total intl minutes', 'account length', 'total intl calls']",0.9160419790104948,0.9183673469387755,0.4639175257731959,0.6164383561643836,0.7284499909567734
692,693,"['total day charge', 'total day minutes', 'customer service calls', 'total intl minutes', 'voice mail plan', 'international plan', 'total intl calls', 'account length', 'number vmail messages', 'total eve calls']",0.9100449775112444,0.7681159420289855,0.5463917525773195,0.6385542168674698,0.7591607885693615
693,694,"['total day minutes', 'number vmail messages', 'total eve minutes', 'total intl calls', 'account length', 'international plan', 'total night charge', 'customer service calls', 'total day calls', 'voice mail plan']",0.9265367316341829,0.9,0.5567010309278351,0.6878980891719745,0.7730873575691807
694,695,"['total night calls', 'total intl calls', 'total eve charge', 'customer service calls', 'account length', 'total night charge', 'voice mail plan', 'total eve calls', 'total day calls', 'total day minutes']",0.9055472263868066,0.8269230769230769,0.44329896907216493,0.5771812080536913,0.7137547476939771
695,696,"['total night charge', 'voice mail plan', 'total eve calls', 'total night calls', 'total day minutes', 'total intl calls', 'total day charge', 'total eve minutes', 'number vmail messages', 'customer service calls']",0.9145427286356822,0.8333333333333334,0.5154639175257731,0.6369426751592356,0.7489600289383251
696,697,"['total intl calls', 'total eve calls', 'customer service calls', 'total eve charge', 'number vmail messages', 'international plan', 'voice mail plan', 'total day charge', 'total day minutes', 'total night calls']",0.9190404797601199,0.7866666666666666,0.6082474226804123,0.686046511627907,0.7900886236209079
697,698,"['total night minutes', 'voice mail plan', 'total eve minutes', 'total eve calls', 'total night charge', 'total intl calls', 'customer service calls', 'total day calls', 'account length', 'total intl minutes']",0.848575712143928,0.42857142857142855,0.12371134020618557,0.192,0.5478205823837946
698,699,"['number vmail messages', 'international plan', 'total intl minutes', 'voice mail plan', 'total eve minutes', 'total day charge', 'total night calls', 'total intl charge', 'total intl calls', 'total day minutes']",0.9175412293853074,0.8888888888888888,0.4948453608247423,0.6357615894039735,0.7421595225176343
699,700,"['total intl calls', 'customer service calls', 'international plan', 'total intl charge', 'total day charge', 'number vmail messages', 'total night calls', 'total night minutes', 'voice mail plan', 'total eve charge']",0.9370314842578711,0.8873239436619719,0.6494845360824743,0.75,0.8177247241815879
700,701,"['total day charge', 'total day minutes', 'total day calls', 'total eve charge', 'customer service calls', 'total night minutes', 'total intl charge', 'voice mail plan', 'international plan', 'total night charge']",0.9340329835082459,0.9206349206349206,0.5979381443298969,0.725,0.7945831072526677
701,702,"['voice mail plan', 'total eve calls', 'total night charge', 'total intl charge', 'international plan', 'total night calls', 'total intl calls', 'customer service calls', 'total eve minutes', 'total day calls']",0.8995502248875562,0.8,0.41237113402061853,0.54421768707483,0.6974136371857478
702,703,"['total eve charge', 'number vmail messages', 'international plan', 'total intl charge', 'total day charge', 'total eve minutes', 'total day minutes', 'total night charge', 'total intl calls', 'total day calls']",0.9175412293853074,0.875,0.5051546391752577,0.6405228758169934,0.7464369687104359
703,704,"['total eve minutes', 'international plan', 'voice mail plan', 'total day minutes', 'account length', 'total night charge', 'total day calls', 'customer service calls', 'total night calls', 'total eve calls']",0.9010494752623688,0.803921568627451,0.422680412371134,0.5540540540540541,0.7025682763610056
704,705,"['total day charge', 'total intl minutes', 'total eve minutes', 'total intl charge', 'international plan', 'total eve charge', 'number vmail messages', 'total night calls', 'account length', 'total night charge']",0.9115442278860569,0.9318181818181818,0.422680412371134,0.5815602836879432,0.7087086272381986
705,706,"['total night minutes', 'total intl charge', 'total intl minutes', 'total eve calls', 'total night calls', 'international plan', 'total day minutes', 'voice mail plan', 'number vmail messages', 'account length']",0.8905547226386806,0.7727272727272727,0.35051546391752575,0.48226950354609927,0.6664858021342015
706,707,"['total night calls', 'total day minutes', 'total day calls', 'total intl minutes', 'number vmail messages', 'voice mail plan', 'total day charge', 'account length', 'customer service calls', 'total eve minutes']",0.9100449775112444,0.8135593220338984,0.4948453608247423,0.6153846153846154,0.7377735576053536
707,708,"['number vmail messages', 'total day minutes', 'total night calls', 'total eve charge', 'account length', 'total intl charge', 'total intl calls', 'customer service calls', 'total night minutes', 'total day charge']",0.9175412293853074,0.875,0.5051546391752577,0.6405228758169934,0.7464369687104359
708,709,"['total intl minutes', 'customer service calls', 'number vmail messages', 'total eve calls', 'total eve minutes', 'total day calls', 'international plan', 'total eve charge', 'account length', 'voice mail plan']",0.8800599700149925,0.6888888888888889,0.31958762886597936,0.43661971830985913,0.6475131126786038
709,710,"['total night minutes', 'total eve calls', 'total intl minutes', 'total eve minutes', 'total intl charge', 'account length', 'international plan', 'voice mail plan', 'total eve charge', 'number vmail messages']",0.8725637181409296,0.8333333333333334,0.15463917525773196,0.2608695652173913,0.5746880086814975
710,711,"['total day calls', 'total eve minutes', 'total eve charge', 'total day charge', 'total eve calls', 'total intl calls', 'total intl charge', 'customer service calls', 'total night minutes', 'international plan']",0.9190404797601199,0.7721518987341772,0.6288659793814433,0.6931818181818182,0.7986435160065111
711,712,"['customer service calls', 'total day calls', 'international plan', 'total eve calls', 'total day charge', 'account length', 'total night charge', 'total night minutes', 'voice mail plan', 'total intl minutes']",0.8935532233883059,0.7166666666666667,0.44329896907216493,0.5477707006369427,0.706737203834328
712,713,"['total intl minutes', 'total day calls', 'number vmail messages', 'total eve calls', 'total intl calls', 'total night minutes', 'total intl charge', 'total night calls', 'total night charge', 'customer service calls']",0.8515742128935532,0.4583333333333333,0.1134020618556701,0.18181818181818182,0.5452975221559053
713,714,"['total intl calls', 'total night calls', 'total eve minutes', 'total day charge', 'total eve calls', 'total day minutes', 'voice mail plan', 'total day calls', 'total night minutes', 'international plan']",0.9070464767616192,0.926829268292683,0.3917525773195876,0.5507246376811594,0.6932447097124254
714,715,"['total night calls', 'international plan', 'total day charge', 'total night charge', 'number vmail messages', 'total intl charge', 'account length', 'customer service calls', 'total eve minutes', 'total day calls']",0.9250374812593704,0.8852459016393442,0.5567010309278351,0.6835443037974683,0.7722101645867245
715,716,"['international plan', 'total night calls', 'total day charge', 'total day minutes', 'total eve minutes', 'voice mail plan', 'number vmail messages', 'total eve charge', 'total intl calls', 'total night charge']",0.9115442278860569,0.8958333333333334,0.44329896907216493,0.593103448275862,0.7172635196238017
716,717,"['total night minutes', 'total night charge', 'total night calls', 'international plan', 'customer service calls', 'voice mail plan', 'total day minutes', 'total day charge', 'total intl minutes', 'total eve minutes']",0.9310344827586207,0.9047619047619048,0.5876288659793815,0.7125,0.7885512750949539
717,718,"['total day calls', 'total intl calls', 'total eve calls', 'total night calls', 'total day charge', 'number vmail messages', 'total eve charge', 'voice mail plan', 'total night minutes', 'total day minutes']",0.889055472263868,0.7948717948717948,0.31958762886597936,0.45588235294117646,0.6527762705733405
718,719,"['total day calls', 'voice mail plan', 'total eve charge', 'total eve calls', 'total night charge', 'customer service calls', 'total intl minutes', 'total intl calls', 'international plan', 'total night minutes']",0.896551724137931,0.7592592592592593,0.422680412371134,0.543046357615894,0.6999366974136373
719,720,"['total night minutes', 'total eve calls', 'total intl minutes', 'voice mail plan', 'international plan', 'total intl calls', 'total day minutes', 'total night charge', 'total intl charge', 'total eve minutes']",0.9160419790104948,0.9183673469387755,0.4639175257731959,0.6164383561643836,0.7284499909567734
720,721,"['number vmail messages', 'total intl calls', 'total day calls', 'total day charge', 'total day minutes', 'total eve minutes', 'total night minutes', 'international plan', 'total night charge', 'total intl minutes']",0.9220389805097451,0.9591836734693877,0.4845360824742268,0.6438356164383562,0.7405136552722011
721,722,"['total intl minutes', 'total night calls', 'total eve charge', 'total night minutes', 'total intl calls', 'number vmail messages', 'total intl charge', 'total eve minutes', 'account length', 'total day calls']",0.8515742128935532,0.0,0.0,0.0,0.4982456140350877
722,723,"['total day minutes', 'total night minutes', 'total intl calls', 'total intl charge', 'total day charge', 'total eve minutes', 'total night charge', 'customer service calls', 'total day calls', 'total night calls']",0.896551724137931,0.71875,0.4742268041237113,0.5714285714285714,0.7213239283776451
723,724,"['total day charge', 'total eve charge', 'total night charge', 'total night minutes', 'voice mail plan', 'total night calls', 'international plan', 'total intl calls', 'total day calls', 'customer service calls']",0.9265367316341829,0.9,0.5567010309278351,0.6878980891719745,0.7730873575691807
724,725,"['total day minutes', 'total night charge', 'total day charge', 'total eve charge', 'account length', 'total intl charge', 'total intl minutes', 'number vmail messages', 'voice mail plan', 'international plan']",0.9130434782608695,0.8979591836734694,0.4536082474226804,0.6027397260273972,0.7224181587990595
725,726,"['international plan', 'total eve charge', 'total intl calls', 'total intl minutes', 'total day charge', 'total night calls', 'total eve minutes', 'total night charge', 'total eve calls', 'total day calls']",0.8980509745127436,0.7735849056603774,0.422680412371134,0.5466666666666666,0.7008138903960933
726,727,"['total eve charge', 'number vmail messages', 'customer service calls', 'total intl minutes', 'total intl calls', 'voice mail plan', 'total day minutes', 'total day charge', 'total eve calls', 'total day calls']",0.9115442278860569,0.8064516129032258,0.5154639175257731,0.6289308176100629,0.7472056429734129
727,728,"['number vmail messages', 'total day calls', 'total night minutes', 'total intl minutes', 'account length', 'total night calls', 'total night charge', 'international plan', 'total intl charge', 'customer service calls']",0.8695652173913043,0.6190476190476191,0.26804123711340205,0.37410071942446044,0.6199855308374027
728,729,"['total eve charge', 'international plan', 'account length', 'number vmail messages', 'voice mail plan', 'total night calls', 'total intl minutes', 'total eve minutes', 'total night charge', 'total day minutes']",0.9130434782608695,0.9148936170212766,0.44329896907216493,0.5972222222222222,0.7181407126062579
729,730,"['total eve charge', 'total day charge', 'number vmail messages', 'international plan', 'total day calls', 'total intl charge', 'total intl minutes', 'voice mail plan', 'total night charge', 'total intl calls']",0.9220389805097451,0.9090909090909091,0.5154639175257731,0.6578947368421053,0.7533459938506057
730,731,"['total day minutes', 'total eve charge', 'customer service calls', 'total intl calls', 'voice mail plan', 'total day calls', 'total night charge', 'total eve minutes', 'account length', 'number vmail messages']",0.9130434782608695,0.8421052631578947,0.4948453608247423,0.6233766233766234,0.7395279435702659
731,732,"['number vmail messages', 'voice mail plan', 'total eve charge', 'total night calls', 'total eve minutes', 'total intl calls', 'account length', 'total day minutes', 'total eve calls', 'total day calls']",0.881559220389805,0.7142857142857143,0.30927835051546393,0.4316546762589928,0.6441128594682584
732,733,"['total night calls', 'total night minutes', 'total intl charge', 'total night charge', 'total intl calls', 'voice mail plan', 'total day minutes', 'total eve charge', 'total eve minutes', 'international plan']",0.9280359820089955,0.9622641509433962,0.5257731958762887,0.68,0.761132211973232
733,734,"['voice mail plan', 'total intl calls', 'international plan', 'account length', 'total day calls', 'total intl minutes', 'total intl charge', 'total eve minutes', 'total eve charge', 'total day charge']",0.9175412293853074,0.9375,0.4639175257731959,0.6206896551724138,0.7293271839392296
734,735,"['total night minutes', 'total day charge', 'account length', 'total intl calls', 'customer service calls', 'total intl charge', 'number vmail messages', 'total night calls', 'total night charge', 'total eve minutes']",0.9085457271364318,0.86,0.44329896907216493,0.5850340136054422,0.7155091336588895
735,736,"['total intl calls', 'total eve calls', 'total day calls', 'international plan', 'customer service calls', 'total intl charge', 'total eve charge', 'total night minutes', 'number vmail messages', 'total intl minutes']",0.8920539730134932,0.7358490566037735,0.4020618556701031,0.52,0.6887502260806656
736,737,"['international plan', 'total intl charge', 'total day minutes', 'total night charge', 'number vmail messages', 'total intl minutes', 'voice mail plan', 'total day charge', 'total eve calls', 'total eve charge']",0.9100449775112444,0.9111111111111111,0.422680412371134,0.5774647887323944,0.7078314342557425
737,738,"['customer service calls', 'total intl minutes', 'international plan', 'total day charge', 'total intl calls', 'total day calls', 'total eve minutes', 'total day minutes', 'total intl charge', 'total night calls']",0.9130434782608695,0.7349397590361446,0.6288659793814433,0.6777777777777778,0.7951347440766865
738,739,"['total eve minutes', 'account length', 'total night minutes', 'total intl charge', 'international plan', 'total night calls', 'total night charge', 'total eve charge', 'total day minutes', 'total eve calls']",0.8845577211394303,0.6923076923076923,0.3711340206185567,0.48322147651006714,0.6715319225899802
739,740,"['total eve calls', 'total intl charge', 'total day charge', 'number vmail messages', 'total night minutes', 'total day minutes', 'customer service calls', 'total eve minutes', 'account length', 'total night calls']",0.9130434782608695,0.8545454545454545,0.4845360824742268,0.618421052631579,0.7352504973774643
740,741,"['total intl calls', 'total day minutes', 'total night charge', 'total eve calls', 'total eve charge', 'international plan', 'total intl charge', 'total intl minutes', 'number vmail messages', 'total day calls']",0.9190404797601199,0.9215686274509803,0.4845360824742268,0.6351351351351351,0.7387592693072889
741,742,"['total eve calls', 'total night charge', 'number vmail messages', 'total day calls', 'total day charge', 'account length', 'international plan', 'total night minutes', 'voice mail plan', 'total intl charge']",0.8875562218890555,0.75,0.3402061855670103,0.46808510638297873,0.6604539699764878
742,743,"['total night minutes', 'voice mail plan', 'total day charge', 'customer service calls', 'total eve minutes', 'total day minutes', 'international plan', 'total intl charge', 'total day calls', 'total night charge']",0.9310344827586207,0.8923076923076924,0.5979381443298969,0.7160493827160493,0.7928287212877554
743,744,"['customer service calls', 'number vmail messages', 'total eve charge', 'total day minutes', 'total night calls', 'voice mail plan', 'total day calls', 'international plan', 'account length', 'total intl minutes']",0.9235382308845578,0.8484848484848485,0.5773195876288659,0.6871165644171779,0.7798878639898714
744,745,"['number vmail messages', 'total eve minutes', 'international plan', 'customer service calls', 'total eve calls', 'total night minutes', 'total day calls', 'total night calls', 'total intl calls', 'total intl charge']",0.8980509745127436,0.7843137254901961,0.41237113402061853,0.5405405405405406,0.6965364442032917
745,746,"['international plan', 'total night minutes', 'total intl calls', 'account length', 'total day minutes', 'total intl minutes', 'customer service calls', 'voice mail plan', 'total eve charge', 'total day charge']",0.9400299850074962,0.9014084507042254,0.6597938144329897,0.7619047619047619,0.8237565563393018
746,747,"['total day minutes', 'total eve minutes', 'international plan', 'total intl calls', 'total night calls', 'customer service calls', 'total day charge', 'total night charge', 'total day calls', 'total intl minutes']",0.9220389805097451,0.7777777777777778,0.6494845360824743,0.7078651685393258,0.8089527943570265
747,748,"['total night calls', 'customer service calls', 'total day calls', 'account length', 'total night charge', 'total day charge', 'voice mail plan', 'number vmail messages', 'international plan', 'total night minutes']",0.8725637181409296,0.6071428571428571,0.35051546391752575,0.4444444444444444,0.6559594863447279
748,749,"['total day calls', 'number vmail messages', 'total intl calls', 'total eve charge', 'total night charge', 'total intl charge', 'voice mail plan', 'total intl minutes', 'total day charge', 'customer service calls']",0.9055472263868066,0.8269230769230769,0.44329896907216493,0.5771812080536913,0.7137547476939771
749,750,"['total night minutes', 'total eve minutes', 'total intl minutes', 'total intl calls', 'customer service calls', 'international plan', 'total intl charge', 'account length', 'number vmail messages', 'total eve calls']",0.8920539730134932,0.7450980392156863,0.3917525773195876,0.5135135135135135,0.6844727798878639
750,751,"['total night charge', 'total night calls', 'number vmail messages', 'total day charge', 'total eve minutes', 'total intl minutes', 'international plan', 'total night minutes', 'total eve charge', 'customer service calls']",0.9295352323838081,0.9032258064516129,0.5773195876288659,0.7044025157232704,0.7833966359196961
751,752,"['total night minutes', 'account length', 'customer service calls', 'total intl charge', 'total day calls', 'international plan', 'total day minutes', 'total night calls', 'voice mail plan', 'total eve minutes']",0.9220389805097451,0.8688524590163934,0.5463917525773195,0.6708860759493671,0.7661783324290106
752,753,"['account length', 'voice mail plan', 'total intl minutes', 'total day minutes', 'international plan', 'total night charge', 'number vmail messages', 'total day calls', 'total intl charge', 'customer service calls']",0.9010494752623688,0.7384615384615385,0.4948453608247423,0.5925925925925926,0.7325103997106168
753,754,"['total eve charge', 'total night charge', 'number vmail messages', 'total night calls', 'total day minutes', 'total day calls', 'total intl calls', 'account length', 'voice mail plan', 'total intl minutes']",0.8830584707646177,0.8275862068965517,0.24742268041237114,0.38095238095238093,0.6193253752939049
754,755,"['number vmail messages', 'total day minutes', 'total night calls', 'total eve calls', 'international plan', 'total intl minutes', 'total day charge', 'total night charge', 'total intl charge', 'voice mail plan']",0.889055472263868,0.7555555555555555,0.35051546391752575,0.4788732394366197,0.6656086091517454
755,756,"['international plan', 'total eve charge', 'total intl calls', 'total eve minutes', 'customer service calls', 'total day minutes', 'total night charge', 'total intl minutes', 'total night calls', 'total day calls']",0.9250374812593704,0.7901234567901234,0.6597938144329897,0.7191011235955056,0.8149846265147405
756,757,"['total eve minutes', 'total night minutes', 'international plan', 'total day calls', 'total eve calls', 'number vmail messages', 'total intl charge', 'total day minutes', 'total night charge', 'total intl calls']",0.9115442278860569,0.8958333333333334,0.44329896907216493,0.593103448275862,0.7172635196238017
757,758,"['total day calls', 'total night minutes', 'total night calls', 'international plan', 'number vmail messages', 'total eve minutes', 'customer service calls', 'total day minutes', 'total intl minutes', 'total eve charge']",0.9280359820089955,0.8888888888888888,0.5773195876288659,0.7,0.78251944293724
758,759,"['total eve charge', 'total night charge', 'total eve minutes', 'total intl charge', 'total day minutes', 'total eve calls', 'international plan', 'total night minutes', 'customer service calls', 'total intl minutes']",0.9085457271364318,0.7432432432432432,0.5670103092783505,0.6432748538011696,0.7668384879725085
759,760,"['total night minutes', 'total intl charge', 'international plan', 'total eve calls', 'total eve charge', 'total intl calls', 'voice mail plan', 'customer service calls', 'account length', 'total day calls']",0.8950524737631185,0.7547169811320755,0.41237113402061853,0.5333333333333333,0.6947820582383794
760,761,"['voice mail plan', 'customer service calls', 'total night charge', 'international plan', 'total intl calls', 'total day minutes', 'number vmail messages', 'total night minutes', 'total intl minutes', 'account length']",0.9145427286356822,0.7857142857142857,0.5670103092783505,0.6586826347305389,0.7703472599023332
761,762,"['total day minutes', 'account length', 'total eve calls', 'total night calls', 'total night charge', 'total intl charge', 'customer service calls', 'total intl minutes', 'total night minutes', 'total intl calls']",0.8740629685157422,0.6065573770491803,0.38144329896907214,0.46835443037974683,0.6696690179055887
762,763,"['total eve charge', 'total night calls', 'total intl calls', 'account length', 'total day calls', 'total eve calls', 'total night minutes', 'international plan', 'voice mail plan', 'total intl charge']",0.8920539730134932,0.9629629629629629,0.26804123711340205,0.41935483870967744,0.6331434255742449
763,764,"['total intl minutes', 'international plan', 'number vmail messages', 'total eve charge', 'voice mail plan', 'total eve minutes', 'customer service calls', 'total intl charge', 'total day calls', 'total night calls']",0.8800599700149925,0.6888888888888889,0.31958762886597936,0.43661971830985913,0.6475131126786038
764,765,"['customer service calls', 'total day charge', 'account length', 'total night minutes', 'international plan', 'total intl minutes', 'number vmail messages', 'total day minutes', 'total night calls', 'total eve calls']",0.8995502248875562,0.7272727272727273,0.4948453608247423,0.588957055214724,0.7316332067281607
765,766,"['total day minutes', 'total eve minutes', 'total eve charge', 'account length', 'total intl calls', 'total night charge', 'total night minutes', 'total day calls', 'total night calls', 'total intl minutes']",0.8695652173913043,0.625,0.25773195876288657,0.36496350364963503,0.6157080846446013
766,767,"['total intl calls', 'total day charge', 'total night calls', 'total day calls', 'voice mail plan', 'total eve charge', 'total day minutes', 'account length', 'customer service calls', 'total eve calls']",0.9025487256371814,0.7580645161290323,0.4845360824742268,0.5911949685534591,0.7291101465002713
767,768,"['total eve calls', 'total intl minutes', 'customer service calls', 'account length', 'total night minutes', 'total intl charge', 'number vmail messages', 'voice mail plan', 'total day charge', 'total night charge']",0.8845577211394303,0.7,0.36082474226804123,0.47619047619047616,0.6672544763971786
768,769,"['total night minutes', 'total intl calls', 'total night calls', 'total eve charge', 'total intl charge', 'account length', 'total eve calls', 'voice mail plan', 'customer service calls', 'total day calls']",0.8545727136431784,0.5,0.14432989690721648,0.224,0.5598842466992223
769,770,"['customer service calls', 'total day minutes', 'number vmail messages', 'total intl charge', 'total night charge', 'total night calls', 'total intl calls', 'total eve calls', 'account length', 'total day charge']",0.8860569715142429,0.6909090909090909,0.3917525773195876,0.5,0.6809640079580394
770,771,"['total intl calls', 'international plan', 'total eve charge', 'total night calls', 'number vmail messages', 'total day charge', 'total night charge', 'total intl charge', 'total eve calls', 'total day calls']",0.9175412293853074,0.92,0.4742268041237113,0.6258503401360545,0.7336046301320311
771,772,"['total night calls', 'customer service calls', 'total intl charge', 'international plan', 'total eve charge', 'total intl minutes', 'total night charge', 'total night minutes', 'total day charge', 'total intl calls']",0.9175412293853074,0.7763157894736842,0.6082474226804123,0.6820809248554913,0.7892114306384518
772,773,"['customer service calls', 'total intl calls', 'total eve charge', 'total day calls', 'voice mail plan', 'total intl charge', 'total night calls', 'total intl minutes', 'number vmail messages', 'total night charge']",0.8575712143928036,0.5454545454545454,0.12371134020618557,0.20168067226890757,0.5530837402785314
773,774,"['total day minutes', 'total eve minutes', 'total night minutes', 'total night calls', 'number vmail messages', 'account length', 'voice mail plan', 'total intl minutes', 'total intl charge', 'customer service calls']",0.9115442278860569,0.8518518518518519,0.4742268041237113,0.609271523178808,0.7300958582022065
774,775,"['total intl minutes', 'total night calls', 'total night charge', 'international plan', 'customer service calls', 'total day minutes', 'total eve minutes', 'total night minutes', 'total intl calls', 'total eve charge']",0.9265367316341829,0.7926829268292683,0.6701030927835051,0.7262569832402235,0.8201392656899982
775,776,"['total day minutes', 'customer service calls', 'international plan', 'total day charge', 'total day calls', 'total night calls', 'total intl minutes', 'total intl charge', 'total eve calls', 'total intl calls']",0.8935532233883059,0.6585365853658537,0.5567010309278351,0.6033519553072626,0.7537891119551456
776,777,"['total day charge', 'total eve calls', 'total intl minutes', 'total night charge', 'voice mail plan', 'customer service calls', 'total eve minutes', 'total night minutes', 'account length', 'total night calls']",0.9100449775112444,0.8627450980392157,0.4536082474226804,0.5945945945945946,0.7206637728341472
777,778,"['total eve minutes', 'total eve charge', 'total intl minutes', 'voice mail plan', 'total night minutes', 'customer service calls', 'account length', 'number vmail messages', 'total intl calls', 'total night charge']",0.8575712143928036,0.5357142857142857,0.15463917525773196,0.24,0.5659160788569361
778,779,"['total night charge', 'total day charge', 'account length', 'total eve minutes', 'total intl charge', 'total intl minutes', 'total night minutes', 'customer service calls', 'total eve charge', 'total day minutes']",0.896551724137931,0.7,0.5051546391752577,0.5868263473053892,0.73415626695605
779,780,"['total day charge', 'total eve calls', 'total eve minutes', 'number vmail messages', 'total night calls', 'total night minutes', 'international plan', 'total day minutes', 'account length', 'total day calls']",0.8830584707646177,0.7567567567567568,0.28865979381443296,0.417910447761194,0.6364351600651111
780,781,"['total day charge', 'account length', 'total day minutes', 'total eve charge', 'total day calls', 'total night charge', 'total intl charge', 'total night calls', 'total intl minutes', 'customer service calls']",0.8905547226386806,0.6875,0.4536082474226804,0.546583850931677,0.7092602640622173
781,782,"['number vmail messages', 'total eve minutes', 'customer service calls', 'total night calls', 'total night charge', 'total day calls', 'total day charge', 'total eve charge', 'total intl calls', 'account length']",0.9115442278860569,0.8392857142857143,0.4845360824742268,0.6143790849673203,0.734373304395008
782,783,"['total intl minutes', 'total night minutes', 'total day minutes', 'total intl calls', 'total eve calls', 'total day calls', 'customer service calls', 'total intl charge', 'total night charge', 'total day charge']",0.8740629685157422,0.6065573770491803,0.38144329896907214,0.46835443037974683,0.6696690179055887
783,784,"['total eve charge', 'total intl calls', 'total night charge', 'total night calls', 'total day calls', 'account length', 'number vmail messages', 'international plan', 'total intl charge', 'voice mail plan']",0.8920539730134932,0.9629629629629629,0.26804123711340205,0.41935483870967744,0.6331434255742449
784,785,"['total eve minutes', 'total eve calls', 'customer service calls', 'number vmail messages', 'voice mail plan', 'total day charge', 'total night minutes', 'total intl minutes', 'total night charge', 'total intl charge']",0.9160419790104948,0.8867924528301887,0.4845360824742268,0.6266666666666667,0.7370048833423766
785,786,"['total day calls', 'number vmail messages', 'total night minutes', 'customer service calls', 'total intl calls', 'total day charge', 'total eve calls', 'total eve minutes', 'total intl charge', 'total night calls']",0.9070464767616192,0.8431372549019608,0.44329896907216493,0.581081081081081,0.7146319406764333
786,787,"['total eve calls', 'total day calls', 'total night minutes', 'total intl charge', 'total intl calls', 'total eve charge', 'customer service calls', 'international plan', 'voice mail plan', 'number vmail messages']",0.8935532233883059,0.7407407407407407,0.41237113402061853,0.5298013245033113,0.6939048652559232
787,788,"['customer service calls', 'total intl charge', 'total intl calls', 'total eve minutes', 'total day minutes', 'number vmail messages', 'total night calls', 'total night minutes', 'total day calls', 'total eve calls']",0.904047976011994,0.8113207547169812,0.44329896907216493,0.5733333333333334,0.712877554711521
788,789,"['total day charge', 'total intl calls', 'total night minutes', 'total night calls', 'total intl charge', 'customer service calls', 'total eve calls', 'total eve minutes', 'total eve charge', 'total night charge']",0.8860569715142429,0.6666666666666666,0.4329896907216495,0.525,0.6980737927292457
789,790,"['total day calls', 'customer service calls', 'total intl minutes', 'total eve minutes', 'total night calls', 'total night minutes', 'account length', 'total eve calls', 'total night charge', 'total eve charge']",0.8590704647676162,0.5714285714285714,0.12371134020618557,0.2033898305084746,0.5539609332609875
790,791,"['total day calls', 'total eve calls', 'international plan', 'total night charge', 'account length', 'total intl calls', 'total intl minutes', 'number vmail messages', 'total day charge', 'total night calls']",0.904047976011994,0.8113207547169812,0.44329896907216493,0.5733333333333334,0.712877554711521
791,792,"['total night calls', 'international plan', 'total intl charge', 'total day minutes', 'total day calls', 'account length', 'total intl calls', 'total eve minutes', 'voice mail plan', 'customer service calls']",0.9310344827586207,0.8591549295774648,0.6288659793814433,0.7261904761904762,0.8056610598661602
792,793,"['total intl charge', 'account length', 'total night minutes', 'total eve charge', 'total night calls', 'number vmail messages', 'total day minutes', 'total intl calls', 'customer service calls', 'international plan']",0.9355322338830585,0.8857142857142857,0.6391752577319587,0.7425149700598802,0.8125700850063302
793,794,"['total day charge', 'account length', 'voice mail plan', 'customer service calls', 'total day calls', 'total night minutes', 'total intl minutes', 'total eve calls', 'total intl charge', 'total eve minutes']",0.9055472263868066,0.8148148148148148,0.4536082474226804,0.5827814569536424,0.7180321938867787
794,795,"['customer service calls', 'voice mail plan', 'total intl minutes', 'total night minutes', 'account length', 'number vmail messages', 'total day minutes', 'total night calls', 'total intl charge', 'total night charge']",0.889055472263868,0.7169811320754716,0.3917525773195876,0.5066666666666667,0.6827183939229516
795,796,"['total night charge', 'total day calls', 'account length', 'total day minutes', 'total eve minutes', 'number vmail messages', 'total eve calls', 'total intl minutes', 'total night calls', 'international plan']",0.904047976011994,0.9024390243902439,0.38144329896907214,0.5362318840579711,0.6872128775547115
796,797,"['total intl minutes', 'international plan', 'account length', 'voice mail plan', 'total night charge', 'total eve charge', 'total day minutes', 'total day calls', 'customer service calls', 'total intl charge']",0.9310344827586207,0.8805970149253731,0.6082474226804123,0.7195121951219512,0.7971061674805571
797,798,"['total intl minutes', 'customer service calls', 'total eve calls', 'account length', 'voice mail plan', 'total intl calls', 'total night charge', 'total eve charge', 'international plan', 'total night minutes']",0.8995502248875562,0.7678571428571429,0.44329896907216493,0.5620915032679739,0.7102459757641527
798,799,"['total eve calls', 'international plan', 'voice mail plan', 'total intl minutes', 'number vmail messages', 'total day calls', 'total eve minutes', 'total intl calls', 'account length', 'total day minutes']",0.9145427286356822,0.9,0.4639175257731959,0.6122448979591837,0.7275727979743173
799,800,"['total day charge', 'total night charge', 'international plan', 'customer service calls', 'total intl charge', 'total intl calls', 'total eve minutes', 'voice mail plan', 'total day calls', 'account length']",0.9355322338830585,0.8970588235294118,0.6288659793814433,0.7393939393939394,0.8082926388135286
800,801,"['total night charge', 'total night minutes', 'total eve minutes', 'total day charge', 'voice mail plan', 'total eve charge', 'account length', 'total night calls', 'total eve calls', 'total intl calls']",0.8875562218890555,0.8235294117647058,0.28865979381443296,0.42748091603053434,0.6390667390124796
801,802,"['total day calls', 'number vmail messages', 'total night calls', 'account length', 'total day minutes', 'total night charge', 'total eve calls', 'total day charge', 'customer service calls', 'total eve minutes']",0.9100449775112444,0.8245614035087719,0.4845360824742268,0.6103896103896104,0.733496111412552
802,803,"['international plan', 'total intl charge', 'total eve minutes', 'number vmail messages', 'total night minutes', 'total eve charge', 'total night charge', 'total day minutes', 'total day charge', 'voice mail plan']",0.9190404797601199,0.9387755102040817,0.4742268041237113,0.6301369863013698,0.7344818231144873
803,804,"['voice mail plan', 'account length', 'total intl calls', 'total day charge', 'total night calls', 'total eve calls', 'international plan', 'total intl minutes', 'total eve charge', 'total day minutes']",0.9160419790104948,0.8596491228070176,0.5051546391752577,0.6363636363636364,0.7455597757279797
804,805,"['total eve charge', 'total intl minutes', 'total night charge', 'total night calls', 'total night minutes', 'total eve minutes', 'total eve calls', 'voice mail plan', 'number vmail messages', 'account length']",0.8530734632683659,0.0,0.0,0.0,0.49912280701754386
805,806,"['total day charge', 'total intl minutes', 'account length', 'total night calls', 'customer service calls', 'total intl calls', 'international plan', 'total night charge', 'total day calls', 'total eve charge']",0.9130434782608695,0.7532467532467533,0.5979381443298969,0.6666666666666666,0.7823024054982818
806,807,"['international plan', 'customer service calls', 'total day charge', 'voice mail plan', 'total night calls', 'total intl minutes', 'number vmail messages', 'total eve charge', 'total intl calls', 'total eve calls']",0.9295352323838081,0.8289473684210527,0.6494845360824743,0.7283236994219653,0.8133387592693072
807,808,"['voice mail plan', 'total night charge', 'international plan', 'number vmail messages', 'total intl charge', 'total day charge', 'total eve minutes', 'total day calls', 'account length', 'total eve charge']",0.9145427286356822,0.9347826086956522,0.44329896907216493,0.6013986013986014,0.719017905588714
808,809,"['total eve charge', 'number vmail messages', 'total day calls', 'total night charge', 'total day minutes', 'customer service calls', 'total intl minutes', 'international plan', 'total night calls', 'total night minutes']",0.9265367316341829,0.8870967741935484,0.5670103092783505,0.6918238993710691,0.7773648037619821
809,810,"['total eve calls', 'total night charge', 'customer service calls', 'international plan', 'number vmail messages', 'total intl charge', 'total eve charge', 'total intl calls', 'voice mail plan', 'total intl minutes']",0.8920539730134932,0.7450980392156863,0.3917525773195876,0.5135135135135135,0.6844727798878639
810,811,"['voice mail plan', 'international plan', 'number vmail messages', 'total intl charge', 'total night calls', 'total eve calls', 'customer service calls', 'total day charge', 'total day minutes', 'total intl calls']",0.9070464767616192,0.7464788732394366,0.5463917525773195,0.6309523809523809,0.7574064026044491
811,812,"['voice mail plan', 'total intl minutes', 'total eve charge', 'total eve calls', 'total intl charge', 'international plan', 'total day calls', 'account length', 'customer service calls', 'total eve minutes']",0.8785607196401799,0.6818181818181818,0.30927835051546393,0.425531914893617,0.642358473503346
812,813,"['total eve calls', 'total eve charge', 'voice mail plan', 'total day charge', 'total day calls', 'total night calls', 'total intl calls', 'total intl charge', 'total intl minutes', 'international plan']",0.9145427286356822,0.9347826086956522,0.44329896907216493,0.6013986013986014,0.719017905588714
813,814,"['international plan', 'voice mail plan', 'total day charge', 'total eve calls', 'total eve minutes', 'total intl minutes', 'number vmail messages', 'total day minutes', 'account length', 'total night charge']",0.9070464767616192,0.926829268292683,0.3917525773195876,0.5507246376811594,0.6932447097124254
814,815,"['total night charge', 'account length', 'customer service calls', 'total intl charge', 'total day calls', 'total intl minutes', 'number vmail messages', 'voice mail plan', 'international plan', 'total night calls']",0.8695652173913043,0.6190476190476191,0.26804123711340205,0.37410071942446044,0.6199855308374027
815,816,"['international plan', 'total night charge', 'total intl charge', 'voice mail plan', 'total night calls', 'account length', 'total night minutes', 'total intl calls', 'customer service calls', 'number vmail messages']",0.8950524737631185,0.7647058823529411,0.4020618556701031,0.527027027027027,0.6905046120455779
816,817,"['total day charge', 'voice mail plan', 'total day calls', 'total intl calls', 'total night minutes', 'total eve minutes', 'account length', 'total intl minutes', 'international plan', 'total night charge']",0.9145427286356822,0.9166666666666666,0.4536082474226804,0.6068965517241379,0.7232953517815156
817,818,"['total eve charge', 'total intl charge', 'voice mail plan', 'total eve calls', 'total night calls', 'international plan', 'total night charge', 'customer service calls', 'total day minutes', 'account length']",0.9250374812593704,0.8852459016393442,0.5567010309278351,0.6835443037974683,0.7722101645867245
818,819,"['total intl calls', 'international plan', 'total eve minutes', 'total eve charge', 'total day calls', 'voice mail plan', 'total intl charge', 'account length', 'total night calls', 'total intl minutes']",0.8920539730134932,0.9629629629629629,0.26804123711340205,0.41935483870967744,0.6331434255742449
819,820,"['total intl calls', 'total intl minutes', 'account length', 'total eve minutes', 'voice mail plan', 'total eve charge', 'international plan', 'total day charge', 'customer service calls', 'total day calls']",0.9400299850074962,0.9014084507042254,0.6597938144329897,0.7619047619047619,0.8237565563393018
820,821,"['total intl minutes', 'total day calls', 'total day charge', 'total night charge', 'customer service calls', 'account length', 'total eve minutes', 'voice mail plan', 'total intl calls', 'total eve charge']",0.9205397301349325,0.8928571428571429,0.5154639175257731,0.6535947712418301,0.7524688008681497
821,822,"['total night charge', 'account length', 'total day calls', 'total eve charge', 'total intl minutes', 'total eve minutes', 'number vmail messages', 'total night minutes', 'voice mail plan', 'total day minutes']",0.8950524737631185,0.8857142857142857,0.31958762886597936,0.4696969696969697,0.6562850425031651
822,823,"['number vmail messages', 'total night calls', 'total eve charge', 'total eve minutes', 'total intl minutes', 'international plan', 'total day charge', 'voice mail plan', 'total intl calls', 'total day calls']",0.9175412293853074,0.875,0.5051546391752577,0.6405228758169934,0.7464369687104359
823,824,"['voice mail plan', 'customer service calls', 'total day charge', 'total night charge', 'total day minutes', 'account length', 'number vmail messages', 'international plan', 'total intl calls', 'total intl charge']",0.9115442278860569,0.7638888888888888,0.5670103092783505,0.650887573964497,0.7685928739374208
824,825,"['total night charge', 'total day charge', 'total intl calls', 'customer service calls', 'number vmail messages', 'international plan', 'total intl charge', 'voice mail plan', 'total eve calls', 'account length']",0.9115442278860569,0.7714285714285715,0.5567010309278351,0.6467065868263473,0.7643154277446194
825,826,"['total day minutes', 'total night minutes', 'number vmail messages', 'total night charge', 'international plan', 'customer service calls', 'total intl charge', 'total eve calls', 'total intl calls', 'total night calls']",0.9070464767616192,0.7397260273972602,0.5567010309278351,0.6352941176470588,0.7616838487972508
826,827,"['total day calls', 'voice mail plan', 'total day charge', 'customer service calls', 'total intl minutes', 'total night calls', 'international plan', 'account length', 'total intl charge', 'total eve calls']",0.8980509745127436,0.7377049180327869,0.4639175257731959,0.569620253164557,0.7179236751672997
827,828,"['total intl calls', 'account length', 'total eve minutes', 'total day calls', 'total intl minutes', 'total day charge', 'number vmail messages', 'total day minutes', 'total eve calls', 'customer service calls']",0.9100449775112444,0.8363636363636363,0.4742268041237113,0.6052631578947368,0.7292186652197504
828,829,"['total eve charge', 'total night calls', 'account length', 'total day charge', 'total eve calls', 'customer service calls', 'total intl minutes', 'total eve minutes', 'total night charge', 'number vmail messages']",0.9160419790104948,0.8867924528301887,0.4845360824742268,0.6266666666666667,0.7370048833423766
829,830,"['total day minutes', 'total day calls', 'account length', 'total intl calls', 'total eve calls', 'total night charge', 'total eve minutes', 'total night minutes', 'total intl charge', 'international plan']",0.8950524737631185,0.7368421052631579,0.4329896907216495,0.5454545454545454,0.7033369506239827
830,831,"['total eve calls', 'total eve charge', 'customer service calls', 'total eve minutes', 'total intl charge', 'voice mail plan', 'total intl calls', 'international plan', 'total day calls', 'account length']",0.889055472263868,0.7169811320754716,0.3917525773195876,0.5066666666666667,0.6827183939229516
831,832,"['total intl charge', 'customer service calls', 'total night minutes', 'total day calls', 'total night charge', 'total eve calls', 'number vmail messages', 'voice mail plan', 'total intl calls', 'total intl minutes']",0.8515742128935532,0.4583333333333333,0.1134020618556701,0.18181818181818182,0.5452975221559053
832,833,"['total intl calls', 'total night charge', 'total day minutes', 'international plan', 'total day charge', 'total intl minutes', 'total night minutes', 'total intl charge', 'total day calls', 'total eve charge']",0.8950524737631185,0.7076923076923077,0.4742268041237113,0.5679012345679012,0.720446735395189
833,834,"['total intl charge', 'total day charge', 'total eve calls', 'number vmail messages', 'account length', 'total night charge', 'total eve charge', 'voice mail plan', 'total night calls', 'customer service calls']",0.9085457271364318,0.86,0.44329896907216493,0.5850340136054422,0.7155091336588895
834,835,"['total eve charge', 'total night minutes', 'total intl calls', 'voice mail plan', 'total night calls', 'total day charge', 'total intl minutes', 'total day calls', 'total night charge', 'international plan']",0.9205397301349325,0.94,0.4845360824742268,0.6394557823129252,0.739636462289745
835,836,"['total intl charge', 'total day minutes', 'voice mail plan', 'account length', 'international plan', 'total intl calls', 'total day calls', 'total day charge', 'total eve calls', 'total night calls']",0.8995502248875562,0.7884615384615384,0.422680412371134,0.5503355704697986,0.7016910833785496
836,837,"['total night minutes', 'total intl minutes', 'account length', 'total day calls', 'total intl charge', 'total eve charge', 'total eve minutes', 'number vmail messages', 'total eve calls', 'customer service calls']",0.8590704647676162,0.56,0.14432989690721648,0.22950819672131148,0.5625158256465908
837,838,"['total eve minutes', 'total day charge', 'total eve calls', 'customer service calls', 'total intl calls', 'total night charge', 'total eve charge', 'number vmail messages', 'voice mail plan', 'total intl minutes']",0.9175412293853074,0.875,0.5051546391752577,0.6405228758169934,0.7464369687104359
838,839,"['total eve charge', 'international plan', 'total intl charge', 'customer service calls', 'number vmail messages', 'voice mail plan', 'total eve minutes', 'total day charge', 'total night calls', 'total intl minutes']",0.9310344827586207,0.8695652173913043,0.6185567010309279,0.7228915662650602,0.8013836136733586
839,840,"['account length', 'total night charge', 'total intl minutes', 'voice mail plan', 'total day calls', 'total day charge', 'total intl calls', 'international plan', 'total night minutes', 'number vmail messages']",0.9010494752623688,0.7924528301886793,0.4329896907216495,0.56,0.7068457225538073
840,841,"['total night calls', 'total night minutes', 'total night charge', 'total eve calls', 'total eve minutes', 'total day charge', 'number vmail messages', 'international plan', 'total day calls', 'account length']",0.8905547226386806,0.9,0.27835051546391754,0.4251968503937008,0.6365436787845903
841,842,"['total intl minutes', 'customer service calls', 'total day minutes', 'total night minutes', 'number vmail messages', 'total eve calls', 'total intl charge', 'international plan', 'total day charge', 'total day calls']",0.896551724137931,0.7333333333333333,0.4536082474226804,0.5605095541401274,0.712769035992042
842,843,"['total intl calls', 'customer service calls', 'total day calls', 'voice mail plan', 'total night minutes', 'total day minutes', 'total intl charge', 'number vmail messages', 'total eve charge', 'account length']",0.9100449775112444,0.8490566037735849,0.4639175257731959,0.6,0.7249412190269489
843,844,"['total night charge', 'international plan', 'total eve calls', 'number vmail messages', 'voice mail plan', 'total day minutes', 'account length', 'total intl minutes', 'total night minutes', 'total eve charge']",0.9010494752623688,0.8974358974358975,0.36082474226804123,0.5147058823529411,0.6769035992041961
844,845,"['total intl calls', 'voice mail plan', 'total eve charge', 'total day calls', 'total night calls', 'international plan', 'total night minutes', 'number vmail messages', 'total eve calls', 'account length']",0.8740629685157422,0.9333333333333333,0.14432989690721648,0.25,0.5712877554711521
845,846,"['total night calls', 'total intl calls', 'total day calls', 'account length', 'total day charge', 'total night minutes', 'total night charge', 'total eve minutes', 'total eve calls', 'total intl minutes']",0.8680659670164917,0.6285714285714286,0.2268041237113402,0.3333333333333333,0.6019985530837404
846,847,"['account length', 'total night charge', 'number vmail messages', 'total night minutes', 'international plan', 'total eve charge', 'total intl minutes', 'total day calls', 'total intl charge', 'voice mail plan']",0.8725637181409296,0.8333333333333334,0.15463917525773196,0.2608695652173913,0.5746880086814975
847,848,"['total night charge', 'total day calls', 'total eve calls', 'account length', 'total eve charge', 'number vmail messages', 'total intl calls', 'total intl charge', 'total night calls', 'international plan']",0.8935532233883059,1.0,0.26804123711340205,0.42276422764227645,0.634020618556701
848,849,"['total eve minutes', 'voice mail plan', 'total day minutes', 'total day charge', 'international plan', 'number vmail messages', 'total day calls', 'total intl charge', 'total night calls', 'total eve calls']",0.904047976011994,0.8367346938775511,0.422680412371134,0.5616438356164384,0.7043226623259178
849,850,"['total night minutes', 'total eve charge', 'total day minutes', 'voice mail plan', 'total day calls', 'total intl charge', 'account length', 'customer service calls', 'total day charge', 'total night charge']",0.9160419790104948,0.8727272727272727,0.4948453608247423,0.631578947368421,0.7412823295351781
850,851,"['total day charge', 'total eve charge', 'account length', 'total intl minutes', 'total day minutes', 'total day calls', 'total intl charge', 'total eve minutes', 'voice mail plan', 'total intl calls']",0.8905547226386806,0.8,0.32989690721649484,0.46715328467153283,0.6579309097485982
851,852,"['customer service calls', 'total intl charge', 'total night charge', 'voice mail plan', 'total night minutes', 'total night calls', 'number vmail messages', 'total day minutes', 'total eve calls', 'account length']",0.8800599700149925,0.660377358490566,0.36082474226804123,0.4666666666666667,0.6646228974498102
852,853,"['customer service calls', 'international plan', 'total eve minutes', 'voice mail plan', 'number vmail messages', 'total intl calls', 'total night charge', 'total night calls', 'total intl minutes', 'total day charge']",0.9385307346326837,0.8888888888888888,0.6597938144329897,0.757396449704142,0.8228793633568456
853,854,"['total intl minutes', 'total day minutes', 'customer service calls', 'voice mail plan', 'total night calls', 'total night charge', 'account length', 'total eve calls', 'total eve charge', 'total night minutes']",0.9130434782608695,0.8679245283018868,0.4742268041237113,0.6133333333333333,0.7309730511846627
854,855,"['total night minutes', 'customer service calls', 'account length', 'total eve charge', 'international plan', 'number vmail messages', 'total eve calls', 'total night calls', 'total day minutes', 'total intl charge']",0.9220389805097451,0.8813559322033898,0.5360824742268041,0.6666666666666666,0.761900886236209
855,856,"['total eve calls', 'account length', 'total eve minutes', 'voice mail plan', 'total night calls', 'total intl charge', 'total night minutes', 'total intl minutes', 'total intl calls', 'total eve charge']",0.8515742128935532,0.25,0.010309278350515464,0.019801980198019802,0.5025230602278893
856,857,"['number vmail messages', 'international plan', 'total intl charge', 'total intl calls', 'voice mail plan', 'total eve minutes', 'total day calls', 'total day charge', 'total night calls', 'total intl minutes']",0.9130434782608695,0.8679245283018868,0.4742268041237113,0.6133333333333333,0.7309730511846627
857,858,"['international plan', 'total day charge', 'voice mail plan', 'total night minutes', 'total eve minutes', 'total day minutes', 'customer service calls', 'total eve charge', 'total night calls', 'total eve calls']",0.9175412293853074,0.8620689655172413,0.5154639175257731,0.6451612903225806,0.7507144149032374
858,859,"['total day calls', 'total intl calls', 'total day charge', 'number vmail messages', 'total eve minutes', 'customer service calls', 'total eve calls', 'total night charge', 'account length', 'total day minutes']",0.9160419790104948,0.8360655737704918,0.5257731958762887,0.6455696202531646,0.7541146681135829
859,860,"['total night minutes', 'voice mail plan', 'total day calls', 'customer service calls', 'total eve calls', 'total eve charge', 'total day charge', 'international plan', 'total night charge', 'number vmail messages']",0.9145427286356822,0.8703703703703703,0.4845360824742268,0.6225165562913907,0.7361276903599204
860,861,"['customer service calls', 'total night calls', 'voice mail plan', 'total eve charge', 'total eve minutes', 'total night minutes', 'total intl charge', 'total intl minutes', 'total day charge', 'total day minutes']",0.9220389805097451,0.8813559322033898,0.5360824742268041,0.6666666666666666,0.761900886236209
861,862,"['total eve charge', 'total eve minutes', 'number vmail messages', 'total day minutes', 'total night calls', 'total eve calls', 'international plan', 'total day charge', 'voice mail plan', 'customer service calls']",0.9085457271364318,0.7647058823529411,0.5360824742268041,0.6303030303030303,0.7540061493941037
862,863,"['total intl calls', 'account length', 'voice mail plan', 'total day minutes', 'total intl charge', 'total night calls', 'total night charge', 'total intl minutes', 'customer service calls', 'total day charge']",0.8845577211394303,0.6724137931034483,0.4020618556701031,0.5032258064516129,0.6843642611683848
863,864,"['total eve calls', 'voice mail plan', 'total night minutes', 'number vmail messages', 'total day charge', 'total intl calls', 'total night calls', 'total day minutes', 'total eve minutes', 'total intl charge']",0.9010494752623688,0.918918918918919,0.35051546391752575,0.5074626865671642,0.6726261530113945
864,865,"['voice mail plan', 'total intl minutes', 'customer service calls', 'total night charge', 'total day minutes', 'account length', 'total night calls', 'total eve calls', 'total day calls', 'total intl calls']",0.881559220389805,0.68,0.35051546391752575,0.46258503401360546,0.6612226442394648
865,866,"['total night minutes', 'account length', 'total eve charge', 'total intl calls', 'number vmail messages', 'total night charge', 'total eve calls', 'international plan', 'total day calls', 'customer service calls']",0.8740629685157422,0.6444444444444445,0.29896907216494845,0.4084507042253521,0.6354494483631761
866,867,"['total eve calls', 'total eve charge', 'total night calls', 'total intl minutes', 'total intl charge', 'number vmail messages', 'customer service calls', 'total day charge', 'total eve minutes', 'voice mail plan']",0.9130434782608695,0.8095238095238095,0.5257731958762887,0.6375,0.7523602821486707
867,868,"['total intl minutes', 'total night calls', 'total intl calls', 'total day charge', 'number vmail messages', 'total eve minutes', 'customer service calls', 'total night minutes', 'total eve calls', 'total day minutes']",0.9100449775112444,0.8245614035087719,0.4845360824742268,0.6103896103896104,0.733496111412552
868,869,"['customer service calls', 'account length', 'total intl minutes', 'voice mail plan', 'total intl calls', 'total night minutes', 'international plan', 'total night calls', 'total day calls', 'total day charge']",0.9130434782608695,0.7671232876712328,0.5773195876288659,0.6588235294117647,0.7737475131126785
869,870,"['total intl charge', 'customer service calls', 'voice mail plan', 'total night charge', 'total intl minutes', 'number vmail messages', 'total eve calls', 'total night minutes', 'total day minutes', 'total intl calls']",0.881559220389805,0.6730769230769231,0.36082474226804123,0.4697986577181208,0.6655000904322663
870,871,"['total intl minutes', 'total intl calls', 'total eve charge', 'total day calls', 'total day minutes', 'international plan', 'total eve calls', 'number vmail messages', 'total day charge', 'total night charge']",0.9175412293853074,0.9038461538461539,0.4845360824742268,0.6308724832214765,0.7378820763248327
871,872,"['voice mail plan', 'international plan', 'total day minutes', 'total eve calls', 'total intl minutes', 'total intl calls', 'number vmail messages', 'customer service calls', 'total eve minutes', 'total night calls']",0.9355322338830585,0.8552631578947368,0.6701030927835051,0.7514450867052023,0.825402423584735
872,873,"['total night charge', 'total day calls', 'total eve calls', 'total intl charge', 'total eve minutes', 'voice mail plan', 'total day minutes', 'international plan', 'total day charge', 'total intl calls']",0.9190404797601199,0.9056603773584906,0.4948453608247423,0.64,0.7430367155000904
873,874,"['number vmail messages', 'total intl calls', 'total intl minutes', 'total eve calls', 'total night charge', 'account length', 'total night minutes', 'total day charge', 'total night calls', 'voice mail plan']",0.8680659670164917,0.6451612903225806,0.20618556701030927,0.3125,0.593443660698137
874,875,"['customer service calls', 'total intl minutes', 'total day calls', 'total night charge', 'total eve minutes', 'voice mail plan', 'total eve calls', 'total day minutes', 'total night minutes', 'total intl charge']",0.9070464767616192,0.8431372549019608,0.44329896907216493,0.581081081081081,0.7146319406764333
875,876,"['total day charge', 'total intl charge', 'total night charge', 'total night minutes', 'total intl calls', 'total eve charge', 'number vmail messages', 'account length', 'total eve minutes', 'voice mail plan']",0.8905547226386806,0.9,0.27835051546391754,0.4251968503937008,0.6365436787845903
876,877,"['international plan', 'total eve calls', 'customer service calls', 'total eve charge', 'total intl calls', 'voice mail plan', 'total day calls', 'total night calls', 'total intl charge', 'total intl minutes']",0.896551724137931,0.8043478260869565,0.38144329896907214,0.5174825174825175,0.6828269126424308
877,878,"['number vmail messages', 'total day minutes', 'total intl minutes', 'total eve charge', 'total day charge', 'customer service calls', 'total night calls', 'international plan', 'total day calls', 'total night minutes']",0.9325337331334332,0.8939393939393939,0.6082474226804123,0.7239263803680982,0.7979833604630132
878,879,"['total intl minutes', 'customer service calls', 'total day charge', 'international plan', 'total eve charge', 'voice mail plan', 'total eve minutes', 'total day calls', 'total intl calls', 'total night minutes']",0.9460269865067467,0.9066666666666666,0.7010309278350515,0.7906976744186046,0.8443751130403327
879,880,"['total night charge', 'total intl charge', 'total intl minutes', 'total eve calls', 'total night calls', 'total night minutes', 'international plan', 'total day calls', 'total day minutes', 'customer service calls']",0.8860569715142429,0.6521739130434783,0.4639175257731959,0.5421686746987951,0.7109061313076507
880,881,"['total intl calls', 'total day charge', 'international plan', 'number vmail messages', 'total day minutes', 'customer service calls', 'total intl charge', 'total night calls', 'total eve minutes', 'total day calls']",0.9400299850074962,0.9014084507042254,0.6597938144329897,0.7619047619047619,0.8237565563393018
881,882,"['total eve calls', 'total day charge', 'international plan', 'total day minutes', 'total intl calls', 'total eve charge', 'total night calls', 'total intl minutes', 'total night minutes', 'customer service calls']",0.9205397301349325,0.7682926829268293,0.6494845360824743,0.7039106145251397,0.8080756013745704
882,883,"['total day minutes', 'total eve calls', 'international plan', 'account length', 'total intl minutes', 'total intl calls', 'total night charge', 'total intl charge', 'total day calls', 'total night minutes']",0.889055472263868,0.6885245901639344,0.4329896907216495,0.5316455696202531,0.699828178694158
883,884,"['total eve charge', 'total intl minutes', 'total eve minutes', 'account length', 'total intl charge', 'total day charge', 'number vmail messages', 'customer service calls', 'total eve calls', 'total night minutes']",0.9160419790104948,0.8596491228070176,0.5051546391752577,0.6363636363636364,0.7455597757279797
884,885,"['total night charge', 'total intl calls', 'total night calls', 'total day minutes', 'total intl minutes', 'account length', 'total eve charge', 'international plan', 'total intl charge', 'total day charge']",0.896551724137931,0.7258064516129032,0.4639175257731959,0.5660377358490566,0.7170464821848437
885,886,"['total intl calls', 'total day calls', 'total intl charge', 'voice mail plan', 'total eve calls', 'total night minutes', 'number vmail messages', 'account length', 'customer service calls', 'total night charge']",0.8440779610194903,0.3793103448275862,0.1134020618556701,0.1746031746031746,0.5409115572436246
886,887,"['voice mail plan', 'total intl calls', 'total intl charge', 'account length', 'total day charge', 'total eve minutes', 'international plan', 'total night minutes', 'total night calls', 'customer service calls']",0.9340329835082459,0.9076923076923077,0.6082474226804123,0.7283950617283951,0.7988605534454694
887,888,"['international plan', 'total night charge', 'total night calls', 'total eve charge', 'customer service calls', 'total day charge', 'number vmail messages', 'total eve minutes', 'voice mail plan', 'total night minutes']",0.9220389805097451,0.8947368421052632,0.5257731958762887,0.6623376623376623,0.7576234400434074
888,889,"['total night minutes', 'total night calls', 'total eve calls', 'total night charge', 'total intl charge', 'total intl calls', 'number vmail messages', 'voice mail plan', 'total day charge', 'account length']",0.8680659670164917,0.6363636363636364,0.21649484536082475,0.3230769230769231,0.5977211068909387
889,890,"['total eve charge', 'total intl minutes', 'total night charge', 'total day charge', 'total day minutes', 'total eve calls', 'total day calls', 'voice mail plan', 'international plan', 'number vmail messages']",0.9130434782608695,0.8979591836734694,0.4536082474226804,0.6027397260273972,0.7224181587990595
890,891,"['total night calls', 'total night charge', 'number vmail messages', 'total night minutes', 'total eve calls', 'total day minutes', 'total eve charge', 'total intl minutes', 'account length', 'total eve minutes']",0.8980509745127436,0.9393939393939394,0.31958762886597936,0.47692307692307695,0.6580394284680774
891,892,"['total intl calls', 'total night calls', 'account length', 'total day minutes', 'total day charge', 'total intl charge', 'voice mail plan', 'total night charge', 'total eve charge', 'total eve calls']",0.8950524737631185,0.9090909090909091,0.30927835051546393,0.46153846153846156,0.6520075963103635
892,893,"['total night calls', 'total eve calls', 'total night charge', 'total day calls', 'customer service calls', 'number vmail messages', 'total intl calls', 'international plan', 'total day minutes', 'total intl minutes']",0.9130434782608695,0.7671232876712328,0.5773195876288659,0.6588235294117647,0.7737475131126785
893,894,"['account length', 'total intl calls', 'total intl charge', 'international plan', 'total night charge', 'total intl minutes', 'number vmail messages', 'total night calls', 'total eve minutes', 'total day minutes']",0.9145427286356822,0.9166666666666666,0.4536082474226804,0.6068965517241379,0.7232953517815156
894,895,"['total day calls', 'account length', 'total eve calls', 'total intl charge', 'voice mail plan', 'number vmail messages', 'international plan', 'total night charge', 'total night minutes', 'customer service calls']",0.8680659670164917,0.6046511627906976,0.26804123711340205,0.37142857142857144,0.6191083378549466
895,896,"['total day calls', 'total eve minutes', 'total day minutes', 'customer service calls', 'total intl charge', 'international plan', 'total night calls', 'total intl minutes', 'total eve charge', 'total day charge']",0.9100449775112444,0.7341772151898734,0.5979381443298969,0.6590909090909091,0.7805480195333695
896,897,"['total night calls', 'number vmail messages', 'customer service calls', 'total intl charge', 'voice mail plan', 'account length', 'total night minutes', 'total day calls', 'total eve minutes', 'total eve calls']",0.8545727136431784,0.5,0.14432989690721648,0.224,0.5598842466992223
897,898,"['international plan', 'total night calls', 'number vmail messages', 'total day minutes', 'total eve calls', 'total day charge', 'total eve minutes', 'total day calls', 'total night charge', 'total intl calls']",0.9055472263868066,0.8863636363636364,0.4020618556701031,0.5531914893617021,0.6966449629227708
898,899,"['total eve charge', 'total intl minutes', 'total intl charge', 'international plan', 'voice mail plan', 'total night charge', 'total eve minutes', 'total day minutes', 'total day charge', 'total night minutes']",0.9100449775112444,0.8936170212765957,0.4329896907216495,0.5833333333333334,0.712108880448544
899,900,"['total eve charge', 'customer service calls', 'total night minutes', 'total night calls', 'total intl charge', 'voice mail plan', 'number vmail messages', 'total intl minutes', 'total eve calls', 'account length']",0.8605697151424287,0.5833333333333334,0.14432989690721648,0.23140495867768596,0.5633930186290468
900,901,"['total eve minutes', 'voice mail plan', 'total intl calls', 'number vmail messages', 'total night charge', 'total eve charge', 'total intl charge', 'account length', 'total day calls', 'total intl minutes']",0.848575712143928,0.0,0.0,0.0,0.4964912280701754
901,902,"['total eve minutes', 'voice mail plan', 'total eve charge', 'total night calls', 'account length', 'total night minutes', 'total intl calls', 'total day minutes', 'total night charge', 'total eve calls']",0.8905547226386806,0.875,0.28865979381443296,0.43410852713178294,0.6408211249773919
902,903,"['total intl calls', 'total day calls', 'number vmail messages', 'customer service calls', 'international plan', 'total day charge', 'account length', 'voice mail plan', 'total day minutes', 'total eve calls']",0.896551724137931,0.7333333333333333,0.4536082474226804,0.5605095541401274,0.712769035992042
903,904,"['total day charge', 'international plan', 'total night charge', 'total night minutes', 'total day calls', 'total eve minutes', 'total night calls', 'total day minutes', 'voice mail plan', 'total eve calls']",0.8830584707646177,0.8064516129032258,0.25773195876288657,0.390625,0.6236028214867064
904,905,"['total intl charge', 'number vmail messages', 'total eve charge', 'total night minutes', 'international plan', 'total eve calls', 'total intl calls', 'voice mail plan', 'total night charge', 'customer service calls']",0.889055472263868,0.7169811320754716,0.3917525773195876,0.5066666666666667,0.6827183939229516
905,906,"['total night charge', 'international plan', 'total intl calls', 'total intl charge', 'total day minutes', 'number vmail messages', 'total intl minutes', 'total night minutes', 'account length', 'total day charge']",0.8980509745127436,0.7843137254901961,0.41237113402061853,0.5405405405405406,0.6965364442032917
906,907,"['total eve calls', 'total eve minutes', 'total eve charge', 'number vmail messages', 'customer service calls', 'voice mail plan', 'international plan', 'total intl minutes', 'total day charge', 'account length']",0.9370314842578711,0.8873239436619719,0.6494845360824743,0.75,0.8177247241815879
907,908,"['total eve charge', 'total eve calls', 'total eve minutes', 'total night minutes', 'number vmail messages', 'total night charge', 'voice mail plan', 'total intl calls', 'customer service calls', 'international plan']",0.8845577211394303,0.75,0.30927835051546393,0.43795620437956206,0.6458672454331705
908,909,"['voice mail plan', 'total day minutes', 'total eve minutes', 'total eve calls', 'total night calls', 'total day charge', 'total day calls', 'total night charge', 'customer service calls', 'total eve charge']",0.9130434782608695,0.8305084745762712,0.5051546391752577,0.6282051282051282,0.7438053897630674
909,910,"['total intl minutes', 'voice mail plan', 'total night calls', 'total eve minutes', 'number vmail messages', 'total intl charge', 'customer service calls', 'account length', 'total eve calls', 'total night charge']",0.8545727136431784,0.5,0.14432989690721648,0.224,0.5598842466992223
910,911,"['total intl calls', 'total eve charge', 'international plan', 'total eve minutes', 'total day calls', 'number vmail messages', 'total night charge', 'total day minutes', 'total intl minutes', 'total day charge']",0.9205397301349325,0.9230769230769231,0.4948453608247423,0.6442953020134228,0.7439139084825466
911,912,"['total eve calls', 'total intl calls', 'number vmail messages', 'customer service calls', 'total intl minutes', 'international plan', 'total night minutes', 'total night calls', 'account length', 'voice mail plan']",0.889055472263868,0.7346938775510204,0.3711340206185567,0.4931506849315068,0.6741635015373486
912,913,"['total day calls', 'total eve minutes', 'total eve calls', 'voice mail plan', 'total intl calls', 'total intl charge', 'total day charge', 'total night calls', 'total night minutes', 'international plan']",0.9175412293853074,0.92,0.4742268041237113,0.6258503401360545,0.7336046301320311
913,914,"['total day minutes', 'customer service calls', 'total day calls', 'total day charge', 'total night minutes', 'total eve calls', 'voice mail plan', 'total night charge', 'international plan', 'total intl calls']",0.896551724137931,0.7333333333333333,0.4536082474226804,0.5605095541401274,0.712769035992042
914,915,"['number vmail messages', 'total eve calls', 'total intl charge', 'total day charge', 'total night minutes', 'total eve minutes', 'total intl minutes', 'total night calls', 'total day calls', 'total day minutes']",0.8920539730134932,0.8378378378378378,0.31958762886597936,0.4626865671641791,0.6545306565382528
915,916,"['total eve calls', 'customer service calls', 'total day charge', 'voice mail plan', 'total day minutes', 'account length', 'total night minutes', 'total night calls', 'total intl charge', 'total intl minutes']",0.8875562218890555,0.6964285714285714,0.4020618556701031,0.5098039215686274,0.6861186471332971
916,917,"['customer service calls', 'voice mail plan', 'total intl calls', 'account length', 'total intl minutes', 'international plan', 'total day calls', 'total day minutes', 'total intl charge', 'total day charge']",0.9145427286356822,0.7857142857142857,0.5670103092783505,0.6586826347305389,0.7703472599023332
917,918,"['total eve calls', 'total night charge', 'international plan', 'total night calls', 'total day calls', 'total intl charge', 'total intl calls', 'total day minutes', 'total night minutes', 'account length']",0.8860569715142429,0.6721311475409836,0.422680412371134,0.5189873417721519,0.6937963465364443
918,919,"['international plan', 'total night minutes', 'number vmail messages', 'total night calls', 'account length', 'voice mail plan', 'total night charge', 'total intl calls', 'customer service calls', 'total day charge']",0.8950524737631185,0.7076923076923077,0.4742268041237113,0.5679012345679012,0.720446735395189
919,920,"['total day charge', 'total night calls', 'total night charge', 'total eve calls', 'total intl calls', 'international plan', 'total day minutes', 'total eve charge', 'total intl charge', 'total eve minutes']",0.9055472263868066,0.7575757575757576,0.5154639175257731,0.6134969325153374,0.7436968710435883
920,921,"['total day charge', 'total intl calls', 'total night calls', 'number vmail messages', 'total night charge', 'total eve calls', 'account length', 'total night minutes', 'international plan', 'total eve minutes']",0.8995502248875562,0.8947368421052632,0.35051546391752575,0.5037037037037037,0.6717489600289384
921,922,"['total day calls', 'total eve calls', 'total intl minutes', 'total night charge', 'customer service calls', 'number vmail messages', 'total night calls', 'total night minutes', 'total eve charge', 'total intl charge']",0.856071964017991,0.5185185185185185,0.14432989690721648,0.22580645161290322,0.5607614396816784
922,923,"['total eve calls', 'total night charge', 'total eve minutes', 'total night minutes', 'number vmail messages', 'total intl minutes', 'account length', 'customer service calls', 'total day calls', 'international plan']",0.8695652173913043,0.6086956521739131,0.28865979381443296,0.3916083916083916,0.628540423223006
923,924,"['number vmail messages', 'international plan', 'total day charge', 'total intl charge', 'total eve minutes', 'total day minutes', 'total intl calls', 'total eve calls', 'voice mail plan', 'total day calls']",0.9130434782608695,0.8679245283018868,0.4742268041237113,0.6133333333333333,0.7309730511846627
924,925,"['total day calls', 'voice mail plan', 'total intl charge', 'total eve charge', 'total eve calls', 'total night charge', 'account length', 'total day minutes', 'total intl minutes', 'total intl calls']",0.8875562218890555,0.8928571428571429,0.25773195876288657,0.4,0.6262344004340749
925,926,"['number vmail messages', 'total night minutes', 'total eve calls', 'total day calls', 'total night calls', 'international plan', 'total day charge', 'total day minutes', 'total night charge', 'total intl charge']",0.8845577211394303,0.7380952380952381,0.31958762886597936,0.4460431654676259,0.6501446916259722
926,927,"['total day calls', 'international plan', 'total eve charge', 'total night charge', 'total intl minutes', 'total eve calls', 'total intl calls', 'total day minutes', 'total day charge', 'total night calls']",0.8950524737631185,0.7213114754098361,0.4536082474226804,0.5569620253164557,0.7118918430095859
927,928,"['voice mail plan', 'number vmail messages', 'total intl calls', 'total day charge', 'total day minutes', 'total night minutes', 'total night charge', 'customer service calls', 'total eve calls', 'total day calls']",0.8800599700149925,0.6666666666666666,0.35051546391752575,0.4594594594594595,0.6603454512570086
928,929,"['voice mail plan', 'total intl charge', 'account length', 'total intl calls', 'total night charge', 'total intl minutes', 'total day calls', 'total eve minutes', 'total day minutes', 'international plan']",0.9130434782608695,0.8979591836734694,0.4536082474226804,0.6027397260273972,0.7224181587990595
929,930,"['total day charge', 'total intl minutes', 'total eve calls', 'account length', 'total eve charge', 'total eve minutes', 'international plan', 'total night charge', 'customer service calls', 'total day minutes']",0.9145427286356822,0.7564102564102564,0.6082474226804123,0.6742857142857143,0.7874570446735395
930,931,"['total intl calls', 'international plan', 'customer service calls', 'voice mail plan', 'account length', 'total night minutes', 'total day charge', 'total night charge', 'total intl charge', 'total eve charge']",0.9325337331334332,0.8823529411764706,0.6185567010309279,0.7272727272727273,0.8022608066558148
931,932,"['total eve minutes', 'total eve calls', 'total day minutes', 'total night minutes', 'total day charge', 'account length', 'total intl minutes', 'total intl charge', 'total night charge', 'total day calls']",0.8695652173913043,0.631578947368421,0.24742268041237114,0.35555555555555557,0.6114306384517996
932,933,"['account length', 'total eve charge', 'total intl charge', 'voice mail plan', 'number vmail messages', 'total day minutes', 'total day calls', 'total night charge', 'total eve minutes', 'international plan']",0.9085457271364318,0.8913043478260869,0.422680412371134,0.5734265734265734,0.7069542412732863
933,934,"['total night charge', 'total night calls', 'total eve charge', 'account length', 'number vmail messages', 'total day calls', 'total intl calls', 'total intl minutes', 'total day charge', 'voice mail plan']",0.8830584707646177,0.8518518518518519,0.23711340206185566,0.3709677419354839,0.6150479291011033
934,935,"['total night charge', 'total day calls', 'total eve minutes', 'total day charge', 'voice mail plan', 'total intl charge', 'total night minutes', 'account length', 'total intl calls', 'international plan']",0.9130434782608695,0.8979591836734694,0.4536082474226804,0.6027397260273972,0.7224181587990595
935,936,"['total eve charge', 'total intl minutes', 'total day charge', 'total eve minutes', 'voice mail plan', 'total day minutes', 'total night calls', 'total night minutes', 'account length', 'total day calls']",0.8875562218890555,0.775,0.31958762886597936,0.45255474452554745,0.6518990775908844
936,937,"['total eve charge', 'account length', 'total day calls', 'total night minutes', 'total day minutes', 'total night charge', 'total intl calls', 'total day charge', 'voice mail plan', 'total night calls']",0.8905547226386806,0.8157894736842105,0.31958762886597936,0.45925925925925926,0.6536534635557967
937,938,"['total day calls', 'total night calls', 'total night charge', 'total intl calls', 'voice mail plan', 'account length', 'customer service calls', 'total eve calls', 'total day charge', 'total day minutes']",0.881559220389805,0.6730769230769231,0.36082474226804123,0.4697986577181208,0.6655000904322663
938,939,"['total eve calls', 'total day charge', 'customer service calls', 'total night calls', 'account length', 'total intl minutes', 'total eve minutes', 'international plan', 'total night minutes', 'number vmail messages']",0.9205397301349325,0.8793103448275862,0.5257731958762887,0.6580645161290323,0.7567462470609513
939,940,"['customer service calls', 'total intl minutes', 'voice mail plan', 'total night charge', 'total intl charge', 'total eve calls', 'number vmail messages', 'total night minutes', 'total day calls', 'total eve charge']",0.8545727136431784,0.5,0.14432989690721648,0.224,0.5598842466992223
940,941,"['total night charge', 'total eve calls', 'total day calls', 'international plan', 'total day charge', 'customer service calls', 'total eve minutes', 'total night calls', 'total night minutes', 'account length']",0.8830584707646177,0.6507936507936508,0.422680412371134,0.5125,0.692041960571532
941,942,"['voice mail plan', 'customer service calls', 'total eve charge', 'number vmail messages', 'total eve calls', 'account length', 'total night minutes', 'total night charge', 'total intl calls', 'total intl charge']",0.848575712143928,0.4230769230769231,0.1134020618556701,0.17886178861788618,0.5435431361909929
942,943,"['total night charge', 'total night minutes', 'total eve charge', 'number vmail messages', 'total intl charge', 'total day calls', 'voice mail plan', 'account length', 'international plan', 'total night calls']",0.8725637181409296,0.8333333333333334,0.15463917525773196,0.2608695652173913,0.5746880086814975
943,944,"['total eve calls', 'total night charge', 'number vmail messages', 'total day charge', 'customer service calls', 'total night calls', 'voice mail plan', 'total day minutes', 'total eve charge', 'total day calls']",0.9130434782608695,0.819672131147541,0.5154639175257731,0.6329113924050633,0.7480828359558691
944,945,"['total eve calls', 'voice mail plan', 'total day calls', 'account length', 'customer service calls', 'total eve charge', 'total day minutes', 'total intl calls', 'number vmail messages', 'total intl minutes']",0.904047976011994,0.8113207547169812,0.44329896907216493,0.5733333333333334,0.712877554711521
945,946,"['total intl minutes', 'total day charge', 'total night minutes', 'account length', 'international plan', 'total night calls', 'total day calls', 'total eve minutes', 'total intl calls', 'total eve charge']",0.8935532233883059,0.7166666666666667,0.44329896907216493,0.5477707006369427,0.706737203834328
946,947,"['total night charge', 'total eve calls', 'total intl calls', 'total day minutes', 'total eve charge', 'international plan', 'total night calls', 'total night minutes', 'voice mail plan', 'customer service calls']",0.9235382308845578,0.8709677419354839,0.5567010309278351,0.6792452830188679,0.7713329716042684
947,948,"['number vmail messages', 'total day charge', 'total day calls', 'total eve charge', 'voice mail plan', 'total intl minutes', 'total eve calls', 'total intl charge', 'total intl calls', 'total eve minutes']",0.8860569715142429,0.7837837837837838,0.29896907216494845,0.43283582089552236,0.6424669922228251
948,949,"['total eve minutes', 'total day calls', 'voice mail plan', 'total day minutes', 'total night minutes', 'total intl charge', 'total intl minutes', 'total eve charge', 'international plan', 'total day charge']",0.9070464767616192,0.8571428571428571,0.4329896907216495,0.5753424657534246,0.7103544944836317
949,950,"['total intl calls', 'voice mail plan', 'total day calls', 'international plan', 'total eve calls', 'total day minutes', 'total day charge', 'total eve charge', 'total night minutes', 'number vmail messages']",0.904047976011994,0.8666666666666667,0.4020618556701031,0.5492957746478874,0.6957677699403146
950,951,"['total day minutes', 'total intl charge', 'total day charge', 'account length', 'total day calls', 'customer service calls', 'total night calls', 'total night minutes', 'total eve minutes', 'number vmail messages']",0.9160419790104948,0.8596491228070176,0.5051546391752577,0.6363636363636364,0.7455597757279797
951,952,"['total intl calls', 'customer service calls', 'total day minutes', 'total night calls', 'total day charge', 'total intl charge', 'total eve charge', 'total eve minutes', 'total intl minutes', 'total day calls']",0.9010494752623688,0.7246376811594203,0.5154639175257731,0.6024096385542169,0.7410652920962199
952,953,"['number vmail messages', 'total day calls', 'total eve calls', 'voice mail plan', 'total intl calls', 'account length', 'total eve minutes', 'customer service calls', 'total night calls', 'total eve charge']",0.8515742128935532,0.46875,0.15463917525773196,0.23255813953488372,0.5624073069271116
953,954,"['total eve calls', 'total night minutes', 'total intl charge', 'customer service calls', 'total night charge', 'account length', 'total intl calls', 'total eve charge', 'total intl minutes', 'total night calls']",0.856071964017991,0.5172413793103449,0.15463917525773196,0.23809523809523808,0.56503888587448
954,955,"['total eve minutes', 'total night minutes', 'total day minutes', 'international plan', 'total night calls', 'total night charge', 'total eve charge', 'number vmail messages', 'total day calls', 'account length']",0.8920539730134932,0.8378378378378378,0.31958762886597936,0.4626865671641791,0.6545306565382528
955,956,"['total night charge', 'customer service calls', 'total intl calls', 'total night calls', 'total intl minutes', 'total eve charge', 'account length', 'total day calls', 'total eve calls', 'voice mail plan']",0.8500749625187406,0.4482758620689655,0.13402061855670103,0.20634920634920634,0.5529752215590523
956,957,"['total intl charge', 'voice mail plan', 'customer service calls', 'total night calls', 'total day charge', 'total day minutes', 'total eve calls', 'total eve charge', 'total day calls', 'total intl calls']",0.9070464767616192,0.7966101694915254,0.4845360824742268,0.6025641025641025,0.7317417254476397
957,958,"['total night minutes', 'total eve charge', 'total night charge', 'total day minutes', 'account length', 'total day calls', 'voice mail plan', 'number vmail messages', 'total intl minutes', 'total eve calls']",0.8860569715142429,0.8620689655172413,0.25773195876288657,0.3968253968253968,0.6253572074516187
958,959,"['customer service calls', 'total intl charge', 'total eve minutes', 'total eve calls', 'total day charge', 'total intl minutes', 'total day calls', 'number vmail messages', 'total intl calls', 'total day minutes']",0.9100449775112444,0.8032786885245902,0.5051546391752577,0.620253164556962,0.7420510037981553
959,960,"['total eve calls', 'international plan', 'total day minutes', 'total day calls', 'account length', 'total night calls', 'total intl charge', 'number vmail messages', 'total day charge', 'voice mail plan']",0.8845577211394303,0.7380952380952381,0.31958762886597936,0.4460431654676259,0.6501446916259722
960,961,"['total night calls', 'total intl charge', 'total night charge', 'total eve calls', 'total intl calls', 'account length', 'voice mail plan', 'total night minutes', 'total day calls', 'total eve charge']",0.8515742128935532,0.0,0.0,0.0,0.4982456140350877
961,962,"['total eve charge', 'total night calls', 'total eve calls', 'account length', 'total day minutes', 'customer service calls', 'total day charge', 'voice mail plan', 'international plan', 'total intl charge']",0.9235382308845578,0.859375,0.5670103092783505,0.6832298136645962,0.77561041779707
962,963,"['total day minutes', 'total intl charge', 'total eve charge', 'total eve calls', 'account length', 'total eve minutes', 'total night minutes', 'total night charge', 'international plan', 'total intl calls']",0.8980509745127436,0.7636363636363637,0.4329896907216495,0.5526315789473685,0.705091336588895
963,964,"['total eve charge', 'total intl charge', 'total day charge', 'total day minutes', 'total eve calls', 'total night minutes', 'total night calls', 'voice mail plan', 'number vmail messages', 'international plan']",0.9115442278860569,0.8958333333333334,0.44329896907216493,0.593103448275862,0.7172635196238017
964,965,"['total day charge', 'total day calls', 'total eve calls', 'voice mail plan', 'total day minutes', 'total eve minutes', 'customer service calls', 'international plan', 'total night minutes', 'total intl charge']",0.9340329835082459,0.9076923076923077,0.6082474226804123,0.7283950617283951,0.7988605534454694
965,966,"['total intl charge', 'total eve minutes', 'total night minutes', 'total intl minutes', 'customer service calls', 'total day calls', 'total night calls', 'total day minutes', 'total eve charge', 'account length']",0.8860569715142429,0.6666666666666666,0.4329896907216495,0.525,0.6980737927292457
966,967,"['total eve charge', 'total eve calls', 'number vmail messages', 'total night calls', 'voice mail plan', 'total intl minutes', 'customer service calls', 'total night charge', 'total intl charge', 'total intl calls']",0.8575712143928036,0.5454545454545454,0.12371134020618557,0.20168067226890757,0.5530837402785314
967,968,"['voice mail plan', 'total eve charge', 'total day minutes', 'total intl charge', 'total night charge', 'number vmail messages', 'total night minutes', 'account length', 'total intl calls', 'customer service calls']",0.9130434782608695,0.8679245283018868,0.4742268041237113,0.6133333333333333,0.7309730511846627
968,969,"['account length', 'voice mail plan', 'international plan', 'total eve calls', 'total night minutes', 'total night calls', 'number vmail messages', 'total day minutes', 'total night charge', 'customer service calls']",0.8755622188905547,0.6346153846153846,0.3402061855670103,0.4429530201342282,0.6534364261168385
969,970,"['total intl calls', 'total intl minutes', 'total night calls', 'account length', 'voice mail plan', 'total eve calls', 'total night charge', 'total night minutes', 'total eve charge', 'total eve minutes']",0.8500749625187406,0.0,0.0,0.0,0.49736842105263157
970,971,"['total night minutes', 'total day minutes', 'total eve charge', 'total intl calls', 'total eve calls', 'total intl charge', 'account length', 'total intl minutes', 'total eve minutes', 'total day calls']",0.8710644677661169,0.6410256410256411,0.25773195876288657,0.36764705882352944,0.6165852776270574
971,972,"['account length', 'total eve charge', 'number vmail messages', 'total night calls', 'total eve minutes', 'total night minutes', 'total night charge', 'total day charge', 'customer service calls', 'total day minutes']",0.9190404797601199,0.8771929824561403,0.5154639175257731,0.6493506493506493,0.7515916078856936
972,973,"['total eve calls', 'total night charge', 'international plan', 'total day minutes', 'total intl minutes', 'total intl charge', 'total night minutes', 'customer service calls', 'total eve charge', 'voice mail plan']",0.9295352323838081,0.8787878787878788,0.5979381443298969,0.7116564417177914,0.7919515283052994
973,974,"['customer service calls', 'total intl minutes', 'total eve charge', 'total day charge', 'total day calls', 'voice mail plan', 'total night charge', 'total eve calls', 'total night minutes', 'total night calls']",0.9070464767616192,0.8431372549019608,0.44329896907216493,0.581081081081081,0.7146319406764333
974,975,"['international plan', 'account length', 'total day charge', 'total night calls', 'total day calls', 'customer service calls', 'total night charge', 'total intl calls', 'total eve calls', 'total intl minutes']",0.8995502248875562,0.6875,0.5670103092783505,0.6214689265536724,0.7615753300777718
975,976,"['total eve calls', 'total night calls', 'total intl charge', 'voice mail plan', 'total night minutes', 'total night charge', 'total eve charge', 'account length', 'number vmail messages', 'total day minutes']",0.8920539730134932,0.9032258064516129,0.28865979381443296,0.4375,0.641698317959848
976,977,"['total night minutes', 'voice mail plan', 'total day charge', 'total intl charge', 'total intl calls', 'number vmail messages', 'total eve charge', 'total intl minutes', 'total night calls', 'account length']",0.8845577211394303,0.8333333333333334,0.25773195876288657,0.3937007874015748,0.6244800144691626
977,978,"['total day minutes', 'total night calls', 'total day charge', 'total eve charge', 'number vmail messages', 'total intl minutes', 'total eve calls', 'account length', 'customer service calls', 'international plan']",0.9280359820089955,0.855072463768116,0.6082474226804123,0.7108433734939759,0.7953517815156448
978,979,"['total eve charge', 'total eve minutes', 'total night charge', 'total day charge', 'international plan', 'account length', 'total intl charge', 'total intl minutes', 'total day minutes', 'total intl calls']",0.9010494752623688,0.746031746031746,0.4845360824742268,0.5875,0.7282329535178151
979,980,"['total intl minutes', 'total intl charge', 'total day minutes', 'number vmail messages', 'account length', 'total night minutes', 'voice mail plan', 'total night charge', 'total day calls', 'total eve minutes']",0.889055472263868,0.8484848484848485,0.28865979381443296,0.4307692307692308,0.6399439319949357
980,981,"['total eve minutes', 'total eve charge', 'total eve calls', 'total night calls', 'total intl calls', 'total day charge', 'international plan', 'total intl minutes', 'total day minutes', 'voice mail plan']",0.9190404797601199,0.8771929824561403,0.5154639175257731,0.6493506493506493,0.7515916078856936
981,982,"['total day calls', 'total intl charge', 'total night calls', 'total day charge', 'total eve minutes', 'total night charge', 'international plan', 'account length', 'number vmail messages', 'total intl minutes']",0.9025487256371814,0.9210526315789473,0.36082474226804123,0.5185185185185185,0.6777807921866522
982,983,"['total intl charge', 'total night minutes', 'international plan', 'total intl minutes', 'voice mail plan', 'total night charge', 'total day calls', 'total day minutes', 'total eve minutes', 'total night calls']",0.9070464767616192,0.9069767441860465,0.4020618556701031,0.5571428571428572,0.6975221559052269
983,984,"['customer service calls', 'total eve minutes', 'total intl charge', 'total intl minutes', 'total night minutes', 'total eve charge', 'total eve calls', 'account length', 'number vmail messages', 'total day charge']",0.9145427286356822,0.8846153846153846,0.4742268041237113,0.6174496644295302,0.7318502441671189
984,985,"['number vmail messages', 'total intl minutes', 'total night minutes', 'customer service calls', 'total day charge', 'total day minutes', 'total eve minutes', 'account length', 'total night calls', 'total intl charge']",0.9160419790104948,0.8596491228070176,0.5051546391752577,0.6363636363636364,0.7455597757279797
985,986,"['total intl calls', 'total eve charge', 'voice mail plan', 'number vmail messages', 'customer service calls', 'total eve calls', 'total intl charge', 'total night minutes', 'total night charge', 'total intl minutes']",0.848575712143928,0.4230769230769231,0.1134020618556701,0.17886178861788618,0.5435431361909929
986,987,"['total night charge', 'total night minutes', 'total day calls', 'total intl calls', 'customer service calls', 'total intl minutes', 'total day charge', 'voice mail plan', 'total night calls', 'total eve minutes']",0.9115442278860569,0.8653846153846154,0.4639175257731959,0.6040268456375839,0.725818412009405
987,988,"['voice mail plan', 'total intl calls', 'total day minutes', 'customer service calls', 'total night charge', 'international plan', 'account length', 'total eve minutes', 'total intl charge', 'total night minutes']",0.9430284857571214,0.8933333333333333,0.6907216494845361,0.7790697674418605,0.8383432808826189
988,989,"['total night charge', 'total day calls', 'total eve charge', 'customer service calls', 'total day minutes', 'voice mail plan', 'total intl minutes', 'total night calls', 'total eve calls', 'total eve minutes']",0.9175412293853074,0.875,0.5051546391752577,0.6405228758169934,0.7464369687104359
989,990,"['total intl minutes', 'total eve calls', 'total day minutes', 'total intl calls', 'international plan', 'total eve charge', 'account length', 'total night calls', 'total night minutes', 'total night charge']",0.896551724137931,0.75,0.4329896907216495,0.5490196078431373,0.7042141436064389
990,991,"['total night minutes', 'number vmail messages', 'total intl minutes', 'total night charge', 'international plan', 'total eve minutes', 'total day charge', 'total eve charge', 'voice mail plan', 'total eve calls']",0.9130434782608695,0.9333333333333333,0.4329896907216495,0.5915492957746479,0.7138632664134563
991,992,"['total intl charge', 'number vmail messages', 'total night minutes', 'total intl calls', 'total day charge', 'total night charge', 'customer service calls', 'total eve minutes', 'total intl minutes', 'total day minutes']",0.9160419790104948,0.8727272727272727,0.4948453608247423,0.631578947368421,0.7412823295351781
992,993,"['total eve charge', 'total night charge', 'total intl charge', 'total day calls', 'total night minutes', 'customer service calls', 'total night calls', 'account length', 'voice mail plan', 'total intl minutes']",0.8590704647676162,0.56,0.14432989690721648,0.22950819672131148,0.5625158256465908
993,994,"['voice mail plan', 'total eve charge', 'total intl calls', 'total eve calls', 'total day minutes', 'number vmail messages', 'account length', 'total night charge', 'total eve minutes', 'total intl minutes']",0.8920539730134932,0.8378378378378378,0.31958762886597936,0.4626865671641791,0.6545306565382528
994,995,"['account length', 'total day minutes', 'total night calls', 'total eve calls', 'total night minutes', 'total intl charge', 'total day calls', 'voice mail plan', 'total intl minutes', 'total day charge']",0.8650674662668666,0.6129032258064516,0.1958762886597938,0.296875,0.5874118285404232
995,996,"['total eve charge', 'customer service calls', 'account length', 'voice mail plan', 'total intl calls', 'total eve minutes', 'total day minutes', 'total intl charge', 'international plan', 'total day charge']",0.9355322338830585,0.8375,0.6907216494845361,0.7570621468926554,0.8339573159703383
996,997,"['account length', 'total intl charge', 'total intl calls', 'total eve calls', 'voice mail plan', 'customer service calls', 'total day minutes', 'total eve charge', 'number vmail messages', 'total day charge']",0.9130434782608695,0.8305084745762712,0.5051546391752577,0.6282051282051282,0.7438053897630674
997,998,"['total intl charge', 'total night charge', 'total day minutes', 'account length', 'voice mail plan', 'number vmail messages', 'international plan', 'total day calls', 'total eve charge', 'total night calls']",0.9025487256371814,0.8636363636363636,0.3917525773195876,0.5390070921985816,0.6906131307650569
998,999,"['number vmail messages', 'total intl charge', 'voice mail plan', 'account length', 'total night minutes', 'total eve minutes', 'total day minutes', 'total day charge', 'total intl calls', 'total eve calls']",0.8905547226386806,0.8529411764705882,0.29896907216494845,0.44274809160305345,0.6450985711701935
999,1000,"['number vmail messages', 'total day minutes', 'total eve calls', 'total night minutes', 'total night charge', 'total intl minutes', 'total night calls', 'total day calls', 'total eve charge', 'international plan']",0.8995502248875562,0.875,0.36082474226804123,0.5109489051094891,0.6760264062217399
